medication_id,patient_id,encounter_id,medication_name,medication_class,dosage,frequency,prescriber,start_date,end_date,status
M00001,P0001,E00002,Hydrochlorothiazide 25mg,Thiazide Diuretic,25mg,Once daily,Dr. Sarah Chen,2024-10-17,2025-01-09,Active
M00002,P0001,E00002,Amlodipine 5mg,CCB,5mg,Once daily,Dr. Sarah Chen,2024-10-17,2025-07-18,Discontinued
M00003,P0001,E00003,Omeprazole 20mg,PPI,20mg,Once daily,Dr. Rachel Green,2024-01-08,2024-01-29,Completed
M00004,P0002,E00012,Empagliflozin 10mg,SGLT2 Inhibitor,10mg,Once daily,Dr. Richard Davis,2026-03-09,2026-04-14,Active
M00005,P0002,E00006,Ceftriaxone 1g IV,Antibiotic,As directed,Once daily,Dr. John Williams,2025-11-06,2025-12-02,Completed
M00006,P0003,E00014,Carvedilol 12.5mg,Beta Blocker,12.5mg,Twice daily,Dr. Ahmed Hassan,2025-02-17,2025-09-09,Active
M00007,P0003,E00016,Losartan 50mg,ARB,50mg,Once daily,Dr. Richard Davis,2026-02-14,2026-04-17,Active
M00008,P0003,E00017,Enoxaparin 40mg,Anticoagulant,40mg,Once daily,Dr. Catherine Lee,2024-03-10,2024-03-22,Completed
M00009,P0003,E00014,Ceftriaxone 1g IV,Antibiotic,As directed,Once daily,Dr. Ahmed Hassan,2025-02-17,2025-03-16,Completed
M00010,P0004,E00021,Glipizide 5mg,Sulfonylurea,5mg,Once daily,Dr. Sandra Lopez,2024-09-12,2025-03-04,Discontinued
M00011,P0004,E00020,Hydrochlorothiazide 25mg,Thiazide Diuretic,25mg,Once daily,Dr. William Taylor,2024-07-13,2024-10-16,Active
M00012,P0004,E00019,Losartan 50mg,ARB,50mg,Once daily,Dr. William Taylor,2025-05-02,2025-09-26,Discontinued
M00013,P0005,E00028,Empagliflozin 10mg,SGLT2 Inhibitor,10mg,Once daily,Dr. Patricia Clark,2025-10-07,2026-07-04,Active
M00014,P0005,E00025,Hydrochlorothiazide 25mg,Thiazide Diuretic,25mg,Once daily,Dr. Emily Johnson,2025-09-19,2026-01-02,Discontinued
M00015,P0005,E00024,Amlodipine 5mg,CCB,5mg,Once daily,Dr. Steven Park,2025-04-16,2025-06-26,Discontinued
M00016,P0005,E00023,Ondansetron 4mg,Antiemetic,4mg,Every 8 hours as needed,Dr. Emily Johnson,2024-08-15,2024-09-12,Completed
M00017,P0005,E00027,Enoxaparin 40mg,Anticoagulant,40mg,Once daily,Dr. Sarah Chen,2024-08-29,2024-09-15,Completed
M00018,P0006,E00032,Insulin Glargine 100 units/mL,Insulin,As directed,Once daily,Dr. David Kim,2024-03-21,2024-12-18,Active
M00019,P0006,E00029,Empagliflozin 10mg,SGLT2 Inhibitor,10mg,Once daily,Dr. Patricia Clark,2024-09-17,2025-09-06,Active
M00020,P0006,E00031,Losartan 50mg,ARB,50mg,Once daily,Dr. John Williams,2025-10-26,2026-02-07,Active
M00021,P0006,E00033,Hydrochlorothiazide 25mg,Thiazide Diuretic,25mg,Once daily,Dr. James Wilson,2024-12-11,2025-09-15,Active
M00022,P0007,E00035,Hydrochlorothiazide 25mg,Thiazide Diuretic,25mg,Once daily,Dr. David Kim,2025-04-06,2026-03-07,Discontinued
M00023,P0008,E00039,Acetaminophen 500mg,Analgesic,500mg,Every 6 hours as needed,Dr. William Taylor,2024-06-23,2024-07-21,Completed
M00024,P0009,E00044,Hydrochlorothiazide 25mg,Thiazide Diuretic,25mg,Once daily,Dr. Lisa Chang,2026-01-02,2026-06-25,Active
M00025,P0009,E00043,Acetaminophen 500mg,Analgesic,500mg,Every 6 hours as needed,Dr. Patricia Clark,2025-03-16,2025-03-30,Completed
M00026,P0009,E00044,Omeprazole 20mg,PPI,20mg,Once daily,Dr. Lisa Chang,2026-01-02,2026-01-16,Completed
M00027,P0010,E00048,Enoxaparin 40mg,Anticoagulant,40mg,Once daily,Dr. Karen Martinez,2024-06-03,2024-06-10,Completed
M00028,P0010,E00047,Omeprazole 20mg,PPI,20mg,Once daily,Dr. Thomas Wright,2025-07-01,2025-07-20,Completed
M00029,P0011,E00049,Hydrochlorothiazide 25mg,Thiazide Diuretic,25mg,Once daily,Dr. Sarah Chen,2024-09-29,2025-04-07,Active
M00030,P0011,E00054,Omeprazole 20mg,PPI,20mg,Once daily,Dr. Catherine Lee,2024-04-03,2024-04-30,Completed
M00031,P0011,E00049,Ondansetron 4mg,Antiemetic,4mg,Every 8 hours as needed,Dr. Sarah Chen,2024-09-29,2024-10-08,Completed
M00032,P0011,E00051,Acetaminophen 500mg,Analgesic,500mg,Every 6 hours as needed,Dr. Karen Martinez,2024-11-26,2024-12-04,Completed
M00033,P0011,E00975,Ceftriaxone 1g IV,Antibiotic,As directed,Once daily,Dr. Thomas Wright,2024-12-12,2025-01-03,Completed
M00034,P0011,E00050,Omeprazole 20mg,PPI,20mg,Once daily,Dr. Robert Singh,2025-03-29,2025-04-13,Completed
M00035,P0013,E00059,Metformin 500mg,Biguanide,500mg,Twice daily,Dr. Patricia Clark,2025-07-05,2026-06-30,Active
M00036,P0013,E00059,Glipizide 5mg,Sulfonylurea,5mg,Once daily,Dr. Patricia Clark,2025-07-05,2025-11-03,Active
M00037,P0013,E00060,Hydrochlorothiazide 25mg,Thiazide Diuretic,25mg,Once daily,Dr. Michael Patel,2025-02-23,2025-09-06,Discontinued
M00038,P0013,E00064,Ondansetron 4mg,Antiemetic,4mg,Every 8 hours as needed,Dr. Lisa Chang,2024-08-09,2024-08-15,Completed
M00039,P0013,E00062,Acetaminophen 500mg,Analgesic,500mg,Every 6 hours as needed,Dr. Michael Patel,2025-09-12,2025-09-21,Completed
M00040,P0013,E00058,Ondansetron 4mg,Antiemetic,4mg,Every 8 hours as needed,Dr. Sandra Lopez,2026-03-05,2026-03-15,Completed
M00041,P0014,E00068,Metformin 500mg,Biguanide,500mg,Twice daily,Dr. Thomas Wright,2024-08-07,2025-03-07,Active
M00042,P0014,E00068,Spironolactone 25mg,Aldosterone Antagonist,25mg,Once daily,Dr. Thomas Wright,2024-08-07,2024-10-11,Completed
M00043,P0014,E00069,Acetaminophen 500mg,Analgesic,500mg,Every 6 hours as needed,Dr. Lisa Chang,2024-02-05,2024-02-26,Completed
M00044,P0014,E00067,Enoxaparin 40mg,Anticoagulant,40mg,Once daily,Dr. Ahmed Hassan,2024-12-26,2025-01-22,Completed
M00045,P0014,E00074,Acetaminophen 500mg,Analgesic,500mg,Every 6 hours as needed,Dr. Maria Rodriguez,2026-01-18,2026-01-29,Completed
M00046,P0014,E00070,Acetaminophen 500mg,Analgesic,500mg,Every 6 hours as needed,Dr. David Kim,2026-03-01,2026-03-30,Completed
M00047,P0015,E00080,Insulin Glargine 100 units/mL,Insulin,As directed,Once daily,Dr. Catherine Lee,2024-04-01,2025-03-27,Discontinued
M00048,P0015,E00080,Metformin 500mg,Biguanide,500mg,Twice daily,Dr. Catherine Lee,2024-04-01,2024-05-27,Active
M00049,P0015,E00979,Amlodipine 5mg,CCB,5mg,Once daily,Dr. Michael Patel,2024-09-13,2025-02-09,Active
M00050,P0015,E00976,Hydrochlorothiazide 25mg,Thiazide Diuretic,25mg,Once daily,Dr. Steven Park,2026-01-14,2026-04-24,Discontinued
M00051,P0015,E00084,Enoxaparin 40mg,Anticoagulant,40mg,Once daily,Dr. Sandra Lopez,2024-08-02,2024-08-31,Completed
M00052,P0015,E00979,Ondansetron 4mg,Antiemetic,4mg,Every 8 hours as needed,Dr. Michael Patel,2024-09-13,2024-10-12,Completed
M00053,P0015,E00077,Acetaminophen 500mg,Analgesic,500mg,Every 6 hours as needed,Dr. James Wilson,2025-02-07,2025-03-05,Completed
M00054,P0015,E00978,Acetaminophen 500mg,Analgesic,500mg,Every 6 hours as needed,Dr. Robert Singh,2025-12-03,2025-12-09,Completed
M00055,P0015,E00076,Acetaminophen 500mg,Analgesic,500mg,Every 6 hours as needed,Dr. James Wilson,2025-12-15,2025-12-26,Completed
M00056,P0015,E00078,Enoxaparin 40mg,Anticoagulant,40mg,Once daily,Dr. Robert Singh,2025-12-15,2025-12-20,Completed
M00057,P0015,E00977,Acetaminophen 500mg,Analgesic,500mg,Every 6 hours as needed,Dr. Richard Davis,2025-12-22,2026-01-14,Completed
M00058,P0016,E00087,Empagliflozin 10mg,SGLT2 Inhibitor,10mg,Once daily,Dr. Steven Park,2025-01-03,2025-04-20,Discontinued
M00059,P0016,E00086,Ondansetron 4mg,Antiemetic,4mg,Every 8 hours as needed,Dr. William Taylor,2026-03-19,2026-04-02,Completed
M00060,P0016,E00980,Ceftriaxone 1g IV,Antibiotic,As directed,Once daily,Dr. Robert Singh,2026-03-29,2026-04-19,Completed
M00061,P0017,E00089,Insulin Glargine 100 units/mL,Insulin,As directed,Once daily,Dr. Jennifer Brown,2025-06-26,2025-12-04,Active
M00062,P0017,E00088,Metformin 500mg,Biguanide,500mg,Twice daily,Dr. Patricia Clark,2024-03-31,2024-10-14,Active
M00063,P0017,E00981,Amlodipine 5mg,CCB,5mg,Once daily,Dr. Ahmed Hassan,2024-11-25,2025-01-08,Completed
M00064,P0017,E00089,Losartan 50mg,ARB,50mg,Once daily,Dr. Jennifer Brown,2025-06-26,2026-06-24,Discontinued
M00065,P0017,E00092,Acetaminophen 500mg,Analgesic,500mg,Every 6 hours as needed,Dr. Robert Singh,2024-11-15,2024-11-21,Completed
M00066,P0017,E00981,Acetaminophen 500mg,Analgesic,500mg,Every 6 hours as needed,Dr. Ahmed Hassan,2024-11-25,2024-12-23,Completed
M00067,P0017,E00091,Ondansetron 4mg,Antiemetic,4mg,Every 8 hours as needed,Dr. Lisa Chang,2026-01-17,2026-02-14,Completed
M00068,P0018,E00096,Insulin Glargine 100 units/mL,Insulin,As directed,Once daily,Dr. Emily Johnson,2025-05-29,2025-12-29,Completed
M00069,P0018,E00095,Glipizide 5mg,Sulfonylurea,5mg,Once daily,Dr. James Wilson,2024-05-14,2025-05-10,Active
M00070,P0018,E00095,Ceftriaxone 1g IV,Antibiotic,As directed,Once daily,Dr. James Wilson,2024-05-14,2024-05-25,Completed
M00071,P0018,E00094,Ceftriaxone 1g IV,Antibiotic,As directed,Once daily,Dr. William Taylor,2024-05-29,2024-06-03,Completed
M00072,P0019,E00098,Insulin Glargine 100 units/mL,Insulin,As directed,Once daily,Dr. Lisa Chang,2025-09-23,2026-02-05,Completed
M00073,P0019,E00100,Hydrochlorothiazide 25mg,Thiazide Diuretic,25mg,Once daily,Dr. Lisa Chang,2025-12-22,2026-08-09,Discontinued
M00074,P0019,E00097,Losartan 50mg,ARB,50mg,Once daily,Dr. Robert Singh,2025-02-22,2025-11-30,Completed
M00075,P0019,E00097,Ceftriaxone 1g IV,Antibiotic,As directed,Once daily,Dr. Robert Singh,2025-02-22,2025-03-24,Completed
M00076,P0020,E00104,Metformin 500mg,Biguanide,500mg,Twice daily,Dr. Emily Johnson,2025-04-06,2025-06-29,Active
M00077,P0021,E00107,Losartan 50mg,ARB,50mg,Once daily,Dr. William Taylor,2026-01-17,2026-08-30,Discontinued
M00078,P0021,E00983,Ceftriaxone 1g IV,Antibiotic,As directed,Once daily,Dr. Rachel Green,2026-02-19,2026-03-02,Completed
M00079,P0023,E00112,Prednisone 20mg,Corticosteroid,20mg,Once daily,Dr. Catherine Lee,2025-09-17,2025-11-24,Active
M00080,P0024,E00114,Acetaminophen 500mg,Analgesic,500mg,Every 6 hours as needed,Dr. Richard Davis,2024-10-08,2024-10-22,Completed
M00081,P0025,E00119,Amlodipine 5mg,CCB,5mg,Once daily,Dr. Patricia Clark,2025-10-14,2026-01-24,Active
M00082,P0025,E00119,Omeprazole 20mg,PPI,20mg,Once daily,Dr. Patricia Clark,2025-10-14,2025-10-22,Completed
M00083,P0026,E00120,Spironolactone 25mg,Aldosterone Antagonist,25mg,Once daily,Dr. Ahmed Hassan,2024-12-15,2025-01-21,Active
M00084,P0028,E00126,Omeprazole 20mg,PPI,20mg,Once daily,Dr. Emily Johnson,2024-08-31,2024-09-19,Completed
M00085,P0030,E00135,Furosemide 40mg,Loop Diuretic,40mg,Once daily,Dr. Jennifer Brown,2025-12-22,2026-11-05,Completed
M00086,P0030,E00137,Lisinopril 10mg,ACE Inhibitor,10mg,Once daily,Dr. Thomas Wright,2024-04-09,2024-07-26,Active
M00087,P0030,E00135,Prednisone 20mg,Corticosteroid,20mg,Once daily,Dr. Jennifer Brown,2025-12-22,2026-08-02,Active
M00088,P0030,E00132,Losartan 50mg,ARB,50mg,Once daily,Dr. Sarah Chen,2025-06-29,2026-03-24,Completed
M00089,P0030,E00133,Acetaminophen 500mg,Analgesic,500mg,Every 6 hours as needed,Dr. Lisa Chang,2024-07-30,2024-08-22,Completed
M00090,P0031,E00139,Insulin Glargine 100 units/mL,Insulin,As directed,Once daily,Dr. Maria Rodriguez,2025-04-17,2025-10-03,Active
M00091,P0031,E00139,Empagliflozin 10mg,SGLT2 Inhibitor,10mg,Once daily,Dr. Maria Rodriguez,2025-04-17,2026-01-01,Active
M00092,P0032,E00144,Empagliflozin 10mg,SGLT2 Inhibitor,10mg,Once daily,Dr. Thomas Wright,2026-02-12,2026-11-19,Active
M00093,P0032,E00145,Losartan 50mg,ARB,50mg,Once daily,Dr. Rachel Green,2025-08-14,2025-10-28,Discontinued
M00094,P0032,E00143,Enoxaparin 40mg,Anticoagulant,40mg,Once daily,Dr. Robert Singh,2024-11-11,2024-12-03,Completed
M00095,P0032,E00145,Ceftriaxone 1g IV,Antibiotic,As directed,Once daily,Dr. Rachel Green,2025-08-14,2025-09-11,Completed
M00096,P0032,E00141,Omeprazole 20mg,PPI,20mg,Once daily,Dr. James Wilson,2025-12-11,2025-12-26,Completed
M00097,P0034,E00149,Empagliflozin 10mg,SGLT2 Inhibitor,10mg,Once daily,Dr. David Kim,2024-05-22,2025-01-12,Active
M00098,P0034,E00153,Metformin 500mg,Biguanide,500mg,Twice daily,Dr. John Williams,2024-04-25,2024-11-18,Active
M00099,P0034,E00152,Enoxaparin 40mg,Anticoagulant,40mg,Once daily,Dr. Michael Patel,2024-01-08,2024-02-03,Completed
M00100,P0034,E00150,Ceftriaxone 1g IV,Antibiotic,As directed,Once daily,Dr. David Kim,2024-01-17,2024-02-04,Completed
M00101,P0034,E00984,Ceftriaxone 1g IV,Antibiotic,As directed,Once daily,Dr. Maria Rodriguez,2024-02-01,2024-02-10,Completed
M00102,P0034,E00149,Ceftriaxone 1g IV,Antibiotic,As directed,Once daily,Dr. David Kim,2024-05-22,2024-06-16,Completed
M00103,P0034,E00151,Ondansetron 4mg,Antiemetic,4mg,Every 8 hours as needed,Dr. Catherine Lee,2025-04-11,2025-05-07,Completed
M00104,P0035,E00161,Metformin 500mg,Biguanide,500mg,Twice daily,Dr. Emily Johnson,2025-05-22,2026-03-07,Active
M00105,P0035,E00162,Carvedilol 12.5mg,Beta Blocker,12.5mg,Twice daily,Dr. Thomas Wright,2024-12-19,2025-05-03,Completed
M00106,P0035,E00165,Furosemide 40mg,Loop Diuretic,40mg,Once daily,Dr. William Taylor,2024-10-06,2025-06-07,Active
M00107,P0035,E00165,Hydrochlorothiazide 25mg,Thiazide Diuretic,25mg,Once daily,Dr. William Taylor,2024-10-06,2025-08-26,Active
M00108,P0035,E00156,Ondansetron 4mg,Antiemetic,4mg,Every 8 hours as needed,Dr. Karen Martinez,2024-12-27,2025-01-22,Completed
M00109,P0036,E00169,Empagliflozin 10mg,SGLT2 Inhibitor,10mg,Once daily,Dr. Thomas Wright,2025-09-11,2026-04-20,Discontinued
M00110,P0036,E00173,Metformin 500mg,Biguanide,500mg,Twice daily,Dr. Richard Davis,2026-01-02,2026-10-26,Completed
M00111,P0036,E00169,Hydrochlorothiazide 25mg,Thiazide Diuretic,25mg,Once daily,Dr. Thomas Wright,2025-09-11,2026-05-07,Active
M00112,P0036,E00167,Enoxaparin 40mg,Anticoagulant,40mg,Once daily,Dr. William Taylor,2024-01-09,2024-01-18,Completed
M00113,P0036,E00170,Acetaminophen 500mg,Analgesic,500mg,Every 6 hours as needed,Dr. Emily Johnson,2025-04-09,2025-05-09,Completed
M00114,P0037,E00174,Empagliflozin 10mg,SGLT2 Inhibitor,10mg,Once daily,Dr. Steven Park,2025-10-17,2025-12-22,Active
M00115,P0037,E00176,Prednisone 20mg,Corticosteroid,20mg,Once daily,Dr. James Wilson,2025-12-06,2026-04-22,Discontinued
M00116,P0037,E00177,Amlodipine 5mg,CCB,5mg,Once daily,Dr. Emily Johnson,2024-12-14,2025-01-21,Active
M00117,P0037,E00174,Omeprazole 20mg,PPI,20mg,Once daily,Dr. Steven Park,2025-10-17,2025-10-27,Completed
M00118,P0038,E00179,Albuterol Inhaler 90mcg,SABA,90mcg,As needed,Dr. Jennifer Brown,2024-07-16,2025-04-03,Active
M00119,P0038,E00187,Ceftriaxone 1g IV,Antibiotic,As directed,Once daily,Dr. Richard Davis,2024-06-10,2024-07-06,Completed
M00120,P0038,E00179,Ondansetron 4mg,Antiemetic,4mg,Every 8 hours as needed,Dr. Jennifer Brown,2024-07-16,2024-07-30,Completed
M00121,P0038,E00184,Ceftriaxone 1g IV,Antibiotic,As directed,Once daily,Dr. Steven Park,2025-09-01,2025-09-12,Completed
M00122,P0038,E00181,Ondansetron 4mg,Antiemetic,4mg,Every 8 hours as needed,Dr. Lisa Chang,2025-10-31,2025-11-23,Completed
M00123,P0039,E00189,Empagliflozin 10mg,SGLT2 Inhibitor,10mg,Once daily,Dr. James Wilson,2024-02-08,2024-11-19,Active
M00124,P0039,E00192,Amlodipine 5mg,CCB,5mg,Once daily,Dr. Michael Patel,2026-03-26,2026-11-07,Discontinued
M00125,P0039,E00189,Losartan 50mg,ARB,50mg,Once daily,Dr. James Wilson,2024-02-08,2024-10-11,Discontinued
M00126,P0040,E00195,Hydrochlorothiazide 25mg,Thiazide Diuretic,25mg,Once daily,Dr. Lisa Chang,2024-07-22,2025-03-03,Active
M00127,P0040,E00194,Losartan 50mg,ARB,50mg,Once daily,Dr. Thomas Wright,2025-05-11,2025-07-24,Completed
M00128,P0040,E00195,Acetaminophen 500mg,Analgesic,500mg,Every 6 hours as needed,Dr. Lisa Chang,2024-07-22,2024-07-29,Completed
M00129,P0040,E00193,Acetaminophen 500mg,Analgesic,500mg,Every 6 hours as needed,Dr. Patricia Clark,2024-09-14,2024-10-03,Completed
M00130,P0041,E00199,Furosemide 40mg,Loop Diuretic,40mg,Once daily,Dr. Lisa Chang,2025-09-10,2025-10-27,Active
M00131,P0041,E00200,Lisinopril 10mg,ACE Inhibitor,10mg,Once daily,Dr. Rachel Green,2025-05-15,2026-03-23,Completed
M00132,P0041,E00198,Enoxaparin 40mg,Anticoagulant,40mg,Once daily,Dr. Emily Johnson,2024-02-02,2024-02-10,Completed
M00133,P0042,E00201,Insulin Glargine 100 units/mL,Insulin,As directed,Once daily,Dr. Rachel Green,2025-08-16,2026-06-01,Completed
M00134,P0042,E00201,Omeprazole 20mg,PPI,20mg,Once daily,Dr. Rachel Green,2025-08-16,2025-09-04,Completed
M00135,P0043,E00203,Empagliflozin 10mg,SGLT2 Inhibitor,10mg,Once daily,Dr. Robert Singh,2024-03-26,2024-09-01,Discontinued
M00136,P0043,E00203,Glipizide 5mg,Sulfonylurea,5mg,Once daily,Dr. Robert Singh,2024-03-26,2025-01-14,Completed
M00137,P0043,E00204,Enoxaparin 40mg,Anticoagulant,40mg,Once daily,Dr. Sarah Chen,2025-10-25,2025-11-08,Completed
M00138,P0044,E00209,Metformin 500mg,Biguanide,500mg,Twice daily,Dr. Lisa Chang,2025-05-04,2026-04-06,Active
M00139,P0044,E00205,Amlodipine 5mg,CCB,5mg,Once daily,Dr. Ahmed Hassan,2026-03-19,2026-05-27,Active
M00140,P0044,E00210,Hydrochlorothiazide 25mg,Thiazide Diuretic,25mg,Once daily,Dr. Catherine Lee,2025-05-30,2026-03-04,Active
M00141,P0044,E00207,Omeprazole 20mg,PPI,20mg,Once daily,Dr. Thomas Wright,2024-02-26,2024-03-26,Completed
M00142,P0044,E00208,Ceftriaxone 1g IV,Antibiotic,As directed,Once daily,Dr. Ahmed Hassan,2024-06-28,2024-07-08,Completed
M00143,P0044,E00209,Ondansetron 4mg,Antiemetic,4mg,Every 8 hours as needed,Dr. Lisa Chang,2025-05-04,2025-05-24,Completed
M00144,P0044,E00206,Enoxaparin 40mg,Anticoagulant,40mg,Once daily,Dr. James Wilson,2026-02-09,2026-03-11,Completed
M00145,P0045,E00215,Metformin 500mg,Biguanide,500mg,Twice daily,Dr. Karen Martinez,2024-08-25,2024-12-04,Active
M00146,P0045,E00217,Losartan 50mg,ARB,50mg,Once daily,Dr. Emily Johnson,2025-05-10,2025-12-13,Completed
M00147,P0045,E00215,Ondansetron 4mg,Antiemetic,4mg,Every 8 hours as needed,Dr. Karen Martinez,2024-08-25,2024-09-21,Completed
M00148,P0045,E00213,Ondansetron 4mg,Antiemetic,4mg,Every 8 hours as needed,Dr. Sarah Chen,2024-10-09,2024-10-17,Completed
M00149,P0045,E00217,Acetaminophen 500mg,Analgesic,500mg,Every 6 hours as needed,Dr. Emily Johnson,2025-05-10,2025-05-23,Completed
M00150,P0045,E00218,Enoxaparin 40mg,Anticoagulant,40mg,Once daily,Dr. Richard Davis,2025-07-02,2025-07-09,Completed
M00151,P0046,E00221,Amlodipine 5mg,CCB,5mg,Once daily,Dr. Richard Davis,2025-06-03,2026-01-02,Completed
M00152,P0046,E00219,Omeprazole 20mg,PPI,20mg,Once daily,Dr. Patricia Clark,2025-07-29,2025-08-07,Completed
M00153,P0047,E00225,Amlodipine 5mg,CCB,5mg,Once daily,Dr. John Williams,2025-02-07,2025-04-22,Discontinued
M00154,P0047,E00227,Omeprazole 20mg,PPI,20mg,Once daily,Dr. Sandra Lopez,2025-03-01,2025-03-20,Completed
M00155,P0047,E00228,Ondansetron 4mg,Antiemetic,4mg,Every 8 hours as needed,Dr. Sarah Chen,2025-05-01,2025-05-14,Completed
M00156,P0047,E00226,Omeprazole 20mg,PPI,20mg,Once daily,Dr. Patricia Clark,2026-01-03,2026-01-26,Completed
M00157,P0048,E00229,Ondansetron 4mg,Antiemetic,4mg,Every 8 hours as needed,Dr. Patricia Clark,2025-04-18,2025-04-24,Completed
M00158,P0049,E00236,Amlodipine 5mg,CCB,5mg,Once daily,Dr. James Wilson,2024-12-30,2025-07-01,Active
M00159,P0049,E00239,Ceftriaxone 1g IV,Antibiotic,As directed,Once daily,Dr. Patricia Clark,2025-05-11,2025-05-17,Completed
M00160,P0049,E00238,Acetaminophen 500mg,Analgesic,500mg,Every 6 hours as needed,Dr. David Kim,2025-12-02,2025-12-10,Completed
M00161,P0049,E00986,Ceftriaxone 1g IV,Antibiotic,As directed,Once daily,Dr. Emily Johnson,2026-01-01,2026-01-24,Completed
M00162,P0050,E00244,Glipizide 5mg,Sulfonylurea,5mg,Once daily,Dr. Maria Rodriguez,2024-09-16,2025-03-28,Active
M00163,P0050,E00243,Amlodipine 5mg,CCB,5mg,Once daily,Dr. John Williams,2026-02-14,2026-11-15,Completed
M00164,P0050,E00244,Hydrochlorothiazide 25mg,Thiazide Diuretic,25mg,Once daily,Dr. Maria Rodriguez,2024-09-16,2024-12-05,Active
M00165,P0050,E00242,Ondansetron 4mg,Antiemetic,4mg,Every 8 hours as needed,Dr. Maria Rodriguez,2024-05-11,2024-06-10,Completed
M00166,P0051,E00250,Amlodipine 5mg,CCB,5mg,Once daily,Dr. Maria Rodriguez,2025-12-22,2026-03-27,Discontinued
M00167,P0051,E00246,Acetaminophen 500mg,Analgesic,500mg,Every 6 hours as needed,Dr. Richard Davis,2024-06-13,2024-07-03,Completed
M00168,P0051,E00247,Acetaminophen 500mg,Analgesic,500mg,Every 6 hours as needed,Dr. Karen Martinez,2024-07-15,2024-08-07,Completed
M00169,P0052,E00257,Insulin Glargine 100 units/mL,Insulin,As directed,Once daily,Dr. Karen Martinez,2025-05-24,2026-05-09,Active
M00170,P0052,E00257,Fluticasone/Salmeterol 250/50mcg,ICS/LABA,250/50mcg,Twice daily,Dr. Karen Martinez,2025-05-24,2025-07-23,Completed
M00171,P0052,E00257,Losartan 50mg,ARB,50mg,Once daily,Dr. Karen Martinez,2025-05-24,2025-07-07,Active
M00172,P0052,E00257,Ondansetron 4mg,Antiemetic,4mg,Every 8 hours as needed,Dr. Karen Martinez,2025-05-24,2025-06-05,Completed
M00173,P0053,E00264,Empagliflozin 10mg,SGLT2 Inhibitor,10mg,Once daily,Dr. Michael Patel,2026-02-23,2026-10-19,Active
M00174,P0053,E00987,Fluticasone/Salmeterol 250/50mcg,ICS/LABA,250/50mcg,Twice daily,Dr. Robert Singh,2026-02-18,2026-04-27,Completed
M00175,P0053,E00267,Enoxaparin 40mg,Anticoagulant,40mg,Once daily,Dr. Karen Martinez,2024-01-21,2024-01-28,Completed
M00176,P0053,E00261,Omeprazole 20mg,PPI,20mg,Once daily,Dr. Jennifer Brown,2025-07-24,2025-08-22,Completed
M00177,P0053,E00987,Enoxaparin 40mg,Anticoagulant,40mg,Once daily,Dr. Robert Singh,2026-02-18,2026-03-03,Completed
M00178,P0054,E00269,Glipizide 5mg,Sulfonylurea,5mg,Once daily,Dr. Catherine Lee,2026-02-22,2026-08-28,Completed
M00179,P0054,E00270,Insulin Glargine 100 units/mL,Insulin,As directed,Once daily,Dr. Jennifer Brown,2026-03-17,2026-10-30,Discontinued
M00180,P0054,E00269,Losartan 50mg,ARB,50mg,Once daily,Dr. Catherine Lee,2026-02-22,2026-05-09,Completed
M00181,P0055,E00273,Ondansetron 4mg,Antiemetic,4mg,Every 8 hours as needed,Dr. John Williams,2024-09-14,2024-10-09,Completed
M00182,P0057,E00988,Losartan 50mg,ARB,50mg,Once daily,Dr. Steven Park,2024-02-24,2024-08-09,Active
M00183,P0057,E00279,Omeprazole 20mg,PPI,20mg,Once daily,Dr. Karen Martinez,2024-01-30,2024-02-14,Completed
M00184,P0058,E00284,Carvedilol 12.5mg,Beta Blocker,12.5mg,Twice daily,Dr. Catherine Lee,2024-09-09,2025-04-05,Active
M00185,P0058,E00284,Furosemide 40mg,Loop Diuretic,40mg,Once daily,Dr. Catherine Lee,2024-09-09,2025-03-29,Discontinued
M00186,P0058,E00281,Losartan 50mg,ARB,50mg,Once daily,Dr. Lisa Chang,2025-05-27,2026-01-29,Active
M00187,P0058,E00281,Hydrochlorothiazide 25mg,Thiazide Diuretic,25mg,Once daily,Dr. Lisa Chang,2025-05-27,2025-09-05,Active
M00188,P0058,E00283,Ceftriaxone 1g IV,Antibiotic,As directed,Once daily,Dr. Ahmed Hassan,2024-08-07,2024-09-03,Completed
M00189,P0059,E00286,Carvedilol 12.5mg,Beta Blocker,12.5mg,Twice daily,Dr. Thomas Wright,2025-12-18,2026-10-10,Active
M00190,P0059,E00288,Spironolactone 25mg,Aldosterone Antagonist,25mg,Once daily,Dr. Michael Patel,2024-06-13,2024-12-09,Active
M00191,P0059,E00289,Hydrochlorothiazide 25mg,Thiazide Diuretic,25mg,Once daily,Dr. Emily Johnson,2026-03-09,2026-09-27,Active
M00192,P0061,E00298,Tiotropium 18mcg,LAMA,18mcg,Once daily,Dr. David Kim,2024-10-16,2025-04-02,Discontinued
M00193,P0061,E00298,Prednisone 20mg,Corticosteroid,20mg,Once daily,Dr. David Kim,2024-10-16,2025-08-17,Active
M00194,P0061,E00294,Ondansetron 4mg,Antiemetic,4mg,Every 8 hours as needed,Dr. William Taylor,2024-01-24,2024-01-31,Completed
M00195,P0061,E00295,Enoxaparin 40mg,Anticoagulant,40mg,Once daily,Dr. Maria Rodriguez,2025-02-14,2025-03-08,Completed
M00196,P0062,E00989,Omeprazole 20mg,PPI,20mg,Once daily,Dr. Sarah Chen,2024-05-04,2024-06-03,Completed
M00197,P0063,E00306,Spironolactone 25mg,Aldosterone Antagonist,25mg,Once daily,Dr. Michael Patel,2026-02-21,2026-08-11,Discontinued
M00198,P0063,E00306,Furosemide 40mg,Loop Diuretic,40mg,Once daily,Dr. Michael Patel,2026-02-21,2026-10-24,Active
M00199,P0063,E00307,Enoxaparin 40mg,Anticoagulant,40mg,Once daily,Dr. Thomas Wright,2024-09-23,2024-10-18,Completed
M00200,P0064,E00312,Spironolactone 25mg,Aldosterone Antagonist,25mg,Once daily,Dr. Sandra Lopez,2025-08-31,2026-04-16,Active
M00201,P0064,E00311,Amlodipine 5mg,CCB,5mg,Once daily,Dr. Karen Martinez,2024-04-18,2024-07-19,Active
M00202,P0065,E00320,Amlodipine 5mg,CCB,5mg,Once daily,Dr. Jennifer Brown,2025-05-04,2025-07-28,Discontinued
M00203,P0065,E00319,Omeprazole 20mg,PPI,20mg,Once daily,Dr. Thomas Wright,2025-04-19,2025-05-19,Completed
M00204,P0065,E00990,Enoxaparin 40mg,Anticoagulant,40mg,Once daily,Dr. Michael Patel,2025-05-10,2025-05-21,Completed
M00205,P0065,E00321,Ondansetron 4mg,Antiemetic,4mg,Every 8 hours as needed,Dr. Maria Rodriguez,2025-08-05,2025-08-11,Completed
M00206,P0066,E00322,Ceftriaxone 1g IV,Antibiotic,As directed,Once daily,Dr. Rachel Green,2024-03-24,2024-04-17,Completed
M00207,P0066,E00323,Omeprazole 20mg,PPI,20mg,Once daily,Dr. Emily Johnson,2026-01-11,2026-01-23,Completed
M00208,P0067,E00326,Ondansetron 4mg,Antiemetic,4mg,Every 8 hours as needed,Dr. Sarah Chen,2024-05-18,2024-06-10,Completed
M00209,P0068,E00334,Tiotropium 18mcg,LAMA,18mcg,Once daily,Dr. Thomas Wright,2024-12-18,2025-10-27,Discontinued
M00210,P0068,E00331,Albuterol Inhaler 90mcg,SABA,90mcg,As needed,Dr. John Williams,2025-05-12,2025-10-01,Active
M00211,P0069,E00335,Amlodipine 5mg,CCB,5mg,Once daily,Dr. Emily Johnson,2025-03-02,2025-05-17,Discontinued
M00212,P0069,E00991,Hydrochlorothiazide 25mg,Thiazide Diuretic,25mg,Once daily,Dr. Lisa Chang,2026-03-09,2027-02-16,Active
M00213,P0069,E00337,Omeprazole 20mg,PPI,20mg,Once daily,Dr. John Williams,2025-07-24,2025-08-11,Completed
M00214,P0069,E00336,Enoxaparin 40mg,Anticoagulant,40mg,Once daily,Dr. Rachel Green,2026-02-06,2026-03-02,Completed
M00215,P0069,E00991,Omeprazole 20mg,PPI,20mg,Once daily,Dr. Lisa Chang,2026-03-09,2026-03-21,Completed
M00216,P0070,E00340,Metformin 500mg,Biguanide,500mg,Twice daily,Dr. Maria Rodriguez,2024-04-14,2024-10-18,Completed
M00217,P0070,E00340,Empagliflozin 10mg,SGLT2 Inhibitor,10mg,Once daily,Dr. Maria Rodriguez,2024-04-14,2024-12-28,Active
M00218,P0071,E00343,Metformin 500mg,Biguanide,500mg,Twice daily,Dr. Catherine Lee,2024-03-28,2024-11-22,Completed
M00219,P0071,E00341,Tiotropium 18mcg,LAMA,18mcg,Once daily,Dr. David Kim,2026-02-19,2027-01-29,Completed
M00220,P0071,E00343,Fluticasone/Salmeterol 250/50mcg,ICS/LABA,250/50mcg,Twice daily,Dr. Catherine Lee,2024-03-28,2025-01-29,Active
M00221,P0071,E00341,Hydrochlorothiazide 25mg,Thiazide Diuretic,25mg,Once daily,Dr. David Kim,2026-02-19,2026-10-30,Discontinued
M00222,P0071,E00342,Acetaminophen 500mg,Analgesic,500mg,Every 6 hours as needed,Dr. Karen Martinez,2024-05-21,2024-06-10,Completed
M00223,P0071,E00992,Enoxaparin 40mg,Anticoagulant,40mg,Once daily,Dr. Michael Patel,2024-06-12,2024-07-01,Completed
M00224,P0072,E00345,Glipizide 5mg,Sulfonylurea,5mg,Once daily,Dr. Sarah Chen,2025-06-12,2025-08-20,Discontinued
M00225,P0073,E00347,Insulin Glargine 100 units/mL,Insulin,As directed,Once daily,Dr. Patricia Clark,2025-06-16,2025-11-04,Active
M00226,P0073,E00346,Empagliflozin 10mg,SGLT2 Inhibitor,10mg,Once daily,Dr. Michael Patel,2026-03-01,2026-10-24,Active
M00227,P0073,E00347,Furosemide 40mg,Loop Diuretic,40mg,Once daily,Dr. Patricia Clark,2025-06-16,2026-01-26,Discontinued
M00228,P0073,E00347,Amlodipine 5mg,CCB,5mg,Once daily,Dr. Patricia Clark,2025-06-16,2026-03-04,Active
M00229,P0073,E00346,Hydrochlorothiazide 25mg,Thiazide Diuretic,25mg,Once daily,Dr. Michael Patel,2026-03-01,2027-01-17,Active
M00230,P0073,E00346,Acetaminophen 500mg,Analgesic,500mg,Every 6 hours as needed,Dr. Michael Patel,2026-03-01,2026-03-21,Completed
M00231,P0074,E00348,Empagliflozin 10mg,SGLT2 Inhibitor,10mg,Once daily,Dr. Patricia Clark,2024-10-13,2025-06-23,Active
M00232,P0074,E00349,Insulin Glargine 100 units/mL,Insulin,As directed,Once daily,Dr. Robert Singh,2025-03-28,2025-08-22,Active
M00233,P0074,E00348,Ceftriaxone 1g IV,Antibiotic,As directed,Once daily,Dr. Patricia Clark,2024-10-13,2024-11-02,Completed
M00234,P0074,E00350,Omeprazole 20mg,PPI,20mg,Once daily,Dr. Robert Singh,2024-12-08,2024-12-31,Completed
M00235,P0075,E00355,Amlodipine 5mg,CCB,5mg,Once daily,Dr. Richard Davis,2025-06-16,2026-01-18,Active
M00236,P0076,E00361,Metformin 500mg,Biguanide,500mg,Twice daily,Dr. Maria Rodriguez,2025-08-26,2025-12-15,Active
M00237,P0076,E00360,Ceftriaxone 1g IV,Antibiotic,As directed,Once daily,Dr. Jennifer Brown,2025-01-13,2025-01-20,Completed
M00238,P0076,E00359,Ceftriaxone 1g IV,Antibiotic,As directed,Once daily,Dr. Catherine Lee,2025-06-25,2025-07-14,Completed
M00239,P0076,E00361,Omeprazole 20mg,PPI,20mg,Once daily,Dr. Maria Rodriguez,2025-08-26,2025-09-13,Completed
M00240,P0076,E00357,Omeprazole 20mg,PPI,20mg,Once daily,Dr. Thomas Wright,2025-11-24,2025-12-06,Completed
M00241,P0077,E00365,Furosemide 40mg,Loop Diuretic,40mg,Once daily,Dr. Patricia Clark,2025-12-25,2026-02-27,Active
M00242,P0077,E00370,Lisinopril 10mg,ACE Inhibitor,10mg,Once daily,Dr. Sandra Lopez,2024-06-06,2025-05-19,Active
M00243,P0077,E00365,Fluticasone/Salmeterol 250/50mcg,ICS/LABA,250/50mcg,Twice daily,Dr. Patricia Clark,2025-12-25,2026-09-21,Completed
M00244,P0077,E00369,Amlodipine 5mg,CCB,5mg,Once daily,Dr. David Kim,2024-01-25,2024-06-03,Discontinued
M00245,P0077,E00364,Acetaminophen 500mg,Analgesic,500mg,Every 6 hours as needed,Dr. Sarah Chen,2024-08-26,2024-09-08,Completed
M00246,P0077,E00367,Acetaminophen 500mg,Analgesic,500mg,Every 6 hours as needed,Dr. Richard Davis,2025-11-05,2025-12-04,Completed
M00247,P0078,E00374,Hydrochlorothiazide 25mg,Thiazide Diuretic,25mg,Once daily,Dr. Thomas Wright,2024-09-09,2024-12-26,Discontinued
M00248,P0078,E00374,Losartan 50mg,ARB,50mg,Once daily,Dr. Thomas Wright,2024-09-09,2025-02-11,Active
M00249,P0078,E00371,Omeprazole 20mg,PPI,20mg,Once daily,Dr. Michael Patel,2025-02-03,2025-03-04,Completed
M00250,P0078,E00373,Acetaminophen 500mg,Analgesic,500mg,Every 6 hours as needed,Dr. William Taylor,2025-04-20,2025-05-11,Completed
M00251,P0079,E00380,Losartan 50mg,ARB,50mg,Once daily,Dr. Sarah Chen,2025-09-05,2025-12-29,Active
M00252,P0079,E00378,Omeprazole 20mg,PPI,20mg,Once daily,Dr. Robert Singh,2024-11-03,2024-11-15,Completed
M00253,P0079,E00379,Ceftriaxone 1g IV,Antibiotic,As directed,Once daily,Dr. Ahmed Hassan,2025-11-29,2025-12-18,Completed
M00254,P0080,E00994,Empagliflozin 10mg,SGLT2 Inhibitor,10mg,Once daily,Dr. Lisa Chang,2024-03-26,2024-06-20,Active
M00255,P0080,E00393,Albuterol Inhaler 90mcg,SABA,90mcg,As needed,Dr. Ahmed Hassan,2024-03-05,2024-10-14,Active
M00256,P0080,E00393,Enoxaparin 40mg,Anticoagulant,40mg,Once daily,Dr. Ahmed Hassan,2024-03-05,2024-03-26,Completed
M00257,P0080,E00392,Ondansetron 4mg,Antiemetic,4mg,Every 8 hours as needed,Dr. Lisa Chang,2024-07-18,2024-08-15,Completed
M00258,P0080,E00388,Ondansetron 4mg,Antiemetic,4mg,Every 8 hours as needed,Dr. Patricia Clark,2025-08-06,2025-08-25,Completed
M00259,P0081,E00396,Empagliflozin 10mg,SGLT2 Inhibitor,10mg,Once daily,Dr. Maria Rodriguez,2025-09-17,2026-05-13,Active
M00260,P0081,E00396,Insulin Glargine 100 units/mL,Insulin,As directed,Once daily,Dr. Maria Rodriguez,2025-09-17,2026-06-29,Active
M00261,P0081,E00398,Amlodipine 5mg,CCB,5mg,Once daily,Dr. Maria Rodriguez,2024-01-27,2024-12-29,Active
M00262,P0081,E00395,Enoxaparin 40mg,Anticoagulant,40mg,Once daily,Dr. David Kim,2024-03-28,2024-04-14,Completed
M00263,P0081,E00397,Ceftriaxone 1g IV,Antibiotic,As directed,Once daily,Dr. Sandra Lopez,2025-09-05,2025-09-10,Completed
M00264,P0081,E00396,Omeprazole 20mg,PPI,20mg,Once daily,Dr. Maria Rodriguez,2025-09-17,2025-10-16,Completed
M00265,P0082,E00400,Tiotropium 18mcg,LAMA,18mcg,Once daily,Dr. Michael Patel,2025-03-31,2026-03-22,Active
M00266,P0083,E00408,Carvedilol 12.5mg,Beta Blocker,12.5mg,Twice daily,Dr. Robert Singh,2024-06-27,2025-02-14,Active
M00267,P0083,E00407,Furosemide 40mg,Loop Diuretic,40mg,Once daily,Dr. Michael Patel,2024-01-31,2024-03-09,Active
M00268,P0083,E00406,Fluticasone/Salmeterol 250/50mcg,ICS/LABA,250/50mcg,Twice daily,Dr. Sarah Chen,2024-12-05,2025-08-30,Completed
M00269,P0083,E00403,Tiotropium 18mcg,LAMA,18mcg,Once daily,Dr. Thomas Wright,2024-07-24,2024-12-05,Completed
M00270,P0083,E00402,Losartan 50mg,ARB,50mg,Once daily,Dr. Patricia Clark,2024-01-09,2024-06-12,Active
M00271,P0083,E00407,Acetaminophen 500mg,Analgesic,500mg,Every 6 hours as needed,Dr. Michael Patel,2024-01-31,2024-02-16,Completed
M00272,P0083,E00408,Enoxaparin 40mg,Anticoagulant,40mg,Once daily,Dr. Robert Singh,2024-06-27,2024-07-22,Completed
M00273,P0083,E00404,Ceftriaxone 1g IV,Antibiotic,As directed,Once daily,Dr. Michael Patel,2025-08-15,2025-08-31,Completed
M00274,P0084,E00412,Acetaminophen 500mg,Analgesic,500mg,Every 6 hours as needed,Dr. Lisa Chang,2025-03-15,2025-04-04,Completed
M00275,P0085,E00414,Fluticasone/Salmeterol 250/50mcg,ICS/LABA,250/50mcg,Twice daily,Dr. Emily Johnson,2025-10-22,2026-02-28,Active
M00276,P0087,E00418,Lisinopril 10mg,ACE Inhibitor,10mg,Once daily,Dr. Thomas Wright,2024-10-29,2025-02-10,Discontinued
M00277,P0088,E00424,Metformin 500mg,Biguanide,500mg,Twice daily,Dr. Robert Singh,2026-02-18,2026-07-09,Discontinued
M00278,P0088,E00419,Empagliflozin 10mg,SGLT2 Inhibitor,10mg,Once daily,Dr. Catherine Lee,2025-01-11,2025-02-22,Completed
M00279,P0088,E00421,Ondansetron 4mg,Antiemetic,4mg,Every 8 hours as needed,Dr. William Taylor,2024-02-09,2024-02-28,Completed
M00280,P0088,E00419,Ceftriaxone 1g IV,Antibiotic,As directed,Once daily,Dr. Catherine Lee,2025-01-11,2025-01-25,Completed
M00281,P0089,E00435,Amlodipine 5mg,CCB,5mg,Once daily,Dr. Thomas Wright,2025-02-12,2025-11-18,Completed
M00282,P0089,E00434,Hydrochlorothiazide 25mg,Thiazide Diuretic,25mg,Once daily,Dr. Sarah Chen,2025-05-29,2025-07-16,Discontinued
M00283,P0089,E00997,Acetaminophen 500mg,Analgesic,500mg,Every 6 hours as needed,Dr. David Kim,2024-05-07,2024-05-16,Completed
M00284,P0089,E00435,Enoxaparin 40mg,Anticoagulant,40mg,Once daily,Dr. Thomas Wright,2025-02-12,2025-03-12,Completed
M00285,P0089,E00431,Omeprazole 20mg,PPI,20mg,Once daily,Dr. Rachel Green,2025-11-06,2025-12-05,Completed
M00286,P0090,E00438,Empagliflozin 10mg,SGLT2 Inhibitor,10mg,Once daily,Dr. James Wilson,2024-10-07,2025-05-26,Active
M00287,P0090,E00438,Amlodipine 5mg,CCB,5mg,Once daily,Dr. James Wilson,2024-10-07,2024-11-12,Active
M00288,P0090,E00437,Ondansetron 4mg,Antiemetic,4mg,Every 8 hours as needed,Dr. Michael Patel,2025-09-24,2025-10-05,Completed
M00289,P0090,E00440,Omeprazole 20mg,PPI,20mg,Once daily,Dr. Thomas Wright,2026-02-23,2026-03-13,Completed
M00290,P0091,E00447,Insulin Glargine 100 units/mL,Insulin,As directed,Once daily,Dr. Emily Johnson,2024-01-15,2024-05-07,Active
M00291,P0091,E00444,Metformin 500mg,Biguanide,500mg,Twice daily,Dr. Michael Patel,2024-03-20,2024-12-22,Active
M00292,P0091,E00446,Losartan 50mg,ARB,50mg,Once daily,Dr. James Wilson,2024-02-23,2024-12-01,Active
M00293,P0091,E00447,Enoxaparin 40mg,Anticoagulant,40mg,Once daily,Dr. Emily Johnson,2024-01-15,2024-02-14,Completed
M00294,P0092,E00448,Glipizide 5mg,Sulfonylurea,5mg,Once daily,Dr. Patricia Clark,2024-11-26,2025-11-14,Active
M00295,P0092,E00450,Empagliflozin 10mg,SGLT2 Inhibitor,10mg,Once daily,Dr. Robert Singh,2024-10-12,2025-09-08,Discontinued
M00296,P0093,E00454,Amlodipine 5mg,CCB,5mg,Once daily,Dr. Michael Patel,2024-09-06,2025-05-16,Completed
M00297,P0093,E00454,Ondansetron 4mg,Antiemetic,4mg,Every 8 hours as needed,Dr. Michael Patel,2024-09-06,2024-09-20,Completed
M00298,P0093,E00453,Enoxaparin 40mg,Anticoagulant,40mg,Once daily,Dr. Jennifer Brown,2025-08-22,2025-08-28,Completed
M00299,P0094,E00465,Glipizide 5mg,Sulfonylurea,5mg,Once daily,Dr. William Taylor,2024-05-07,2025-03-17,Active
M00300,P0094,E00467,Metformin 500mg,Biguanide,500mg,Twice daily,Dr. Thomas Wright,2025-01-05,2025-06-11,Completed
M00301,P0094,E00460,Amlodipine 5mg,CCB,5mg,Once daily,Dr. Catherine Lee,2025-08-13,2026-05-28,Active
M00302,P0094,E00458,Enoxaparin 40mg,Anticoagulant,40mg,Once daily,Dr. Robert Singh,2024-01-07,2024-01-25,Completed
M00303,P0094,E00462,Ceftriaxone 1g IV,Antibiotic,As directed,Once daily,Dr. Jennifer Brown,2024-03-26,2024-04-02,Completed
M00304,P0094,E00467,Ondansetron 4mg,Antiemetic,4mg,Every 8 hours as needed,Dr. Thomas Wright,2025-01-05,2025-01-25,Completed
M00305,P0094,E00460,Enoxaparin 40mg,Anticoagulant,40mg,Once daily,Dr. Catherine Lee,2025-08-13,2025-08-31,Completed
M00306,P0094,E00463,Enoxaparin 40mg,Anticoagulant,40mg,Once daily,Dr. John Williams,2025-09-12,2025-09-17,Completed
M00307,P0095,E00470,Fluticasone/Salmeterol 250/50mcg,ICS/LABA,250/50mcg,Twice daily,Dr. James Wilson,2025-06-29,2025-11-26,Completed
M00308,P0095,E00471,Albuterol Inhaler 90mcg,SABA,90mcg,As needed,Dr. Steven Park,2026-03-27,2026-11-14,Discontinued
M00309,P0095,E00471,Losartan 50mg,ARB,50mg,Once daily,Dr. Steven Park,2026-03-27,2026-08-24,Active
M00310,P0095,E00470,Omeprazole 20mg,PPI,20mg,Once daily,Dr. James Wilson,2025-06-29,2025-07-14,Completed
M00311,P0096,E00472,Hydrochlorothiazide 25mg,Thiazide Diuretic,25mg,Once daily,Dr. Rachel Green,2024-01-02,2024-11-30,Completed
M00312,P0097,E00476,Metformin 500mg,Biguanide,500mg,Twice daily,Dr. Karen Martinez,2024-02-12,2024-04-24,Active
M00313,P0097,E00477,Spironolactone 25mg,Aldosterone Antagonist,25mg,Once daily,Dr. Steven Park,2025-03-15,2025-05-31,Active
M00314,P0097,E00477,Amlodipine 5mg,CCB,5mg,Once daily,Dr. Steven Park,2025-03-15,2025-07-13,Active
M00315,P0097,E00476,Ceftriaxone 1g IV,Antibiotic,As directed,Once daily,Dr. Karen Martinez,2024-02-12,2024-03-09,Completed
M00316,P0097,E00477,Ondansetron 4mg,Antiemetic,4mg,Every 8 hours as needed,Dr. Steven Park,2025-03-15,2025-03-22,Completed
M00317,P0098,E00479,Amlodipine 5mg,CCB,5mg,Once daily,Dr. Karen Martinez,2024-09-11,2025-03-29,Active
M00318,P0098,E00478,Ondansetron 4mg,Antiemetic,4mg,Every 8 hours as needed,Dr. John Williams,2025-12-16,2025-12-23,Completed
M00319,P0099,E00484,Albuterol Inhaler 90mcg,SABA,90mcg,As needed,Dr. Emily Johnson,2025-05-08,2025-09-02,Completed
M00320,P0099,E00486,Amlodipine 5mg,CCB,5mg,Once daily,Dr. Ahmed Hassan,2025-07-01,2026-06-11,Discontinued
M00321,P0099,E00485,Losartan 50mg,ARB,50mg,Once daily,Dr. Karen Martinez,2025-03-21,2026-02-27,Active
M00322,P0099,E00485,Enoxaparin 40mg,Anticoagulant,40mg,Once daily,Dr. Karen Martinez,2025-03-21,2025-04-14,Completed
M00323,P0100,E00490,Amlodipine 5mg,CCB,5mg,Once daily,Dr. Richard Davis,2026-03-27,2027-03-02,Active
M00324,P0100,E00491,Hydrochlorothiazide 25mg,Thiazide Diuretic,25mg,Once daily,Dr. David Kim,2025-07-05,2025-08-20,Completed
M00325,P0101,E00495,Furosemide 40mg,Loop Diuretic,40mg,Once daily,Dr. Karen Martinez,2024-06-12,2024-12-09,Completed
M00326,P0101,E00498,Spironolactone 25mg,Aldosterone Antagonist,25mg,Once daily,Dr. Sarah Chen,2025-05-09,2025-10-06,Active
M00327,P0101,E00501,Tiotropium 18mcg,LAMA,18mcg,Once daily,Dr. Lisa Chang,2025-10-04,2026-01-18,Active
M00328,P0101,E00500,Albuterol Inhaler 90mcg,SABA,90mcg,As needed,Dr. Ahmed Hassan,2024-02-27,2024-05-07,Active
M00329,P0101,E00500,Acetaminophen 500mg,Analgesic,500mg,Every 6 hours as needed,Dr. Ahmed Hassan,2024-02-27,2024-03-07,Completed
M00330,P0101,E00496,Enoxaparin 40mg,Anticoagulant,40mg,Once daily,Dr. Steven Park,2024-03-14,2024-03-23,Completed
M00331,P0101,E00998,Acetaminophen 500mg,Analgesic,500mg,Every 6 hours as needed,Dr. Karen Martinez,2024-03-31,2024-04-14,Completed
M00332,P0102,E00503,Empagliflozin 10mg,SGLT2 Inhibitor,10mg,Once daily,Dr. Maria Rodriguez,2025-01-26,2025-09-22,Active
M00333,P0103,E00509,Insulin Glargine 100 units/mL,Insulin,As directed,Once daily,Dr. Maria Rodriguez,2024-03-30,2024-11-01,Active
M00334,P0103,E00999,Empagliflozin 10mg,SGLT2 Inhibitor,10mg,Once daily,Dr. Patricia Clark,2025-07-21,2025-11-26,Active
M00335,P0103,E00510,Acetaminophen 500mg,Analgesic,500mg,Every 6 hours as needed,Dr. Jennifer Brown,2025-07-11,2025-08-10,Completed
M00336,P0103,E00999,Omeprazole 20mg,PPI,20mg,Once daily,Dr. Patricia Clark,2025-07-21,2025-08-10,Completed
M00337,P0104,E00513,Enoxaparin 40mg,Anticoagulant,40mg,Once daily,Dr. Sandra Lopez,2024-08-08,2024-09-07,Completed
M00338,P0105,E00520,Omeprazole 20mg,PPI,20mg,Once daily,Dr. Steven Park,2025-08-08,2025-08-23,Completed
M00339,P0106,E00526,Carvedilol 12.5mg,Beta Blocker,12.5mg,Twice daily,Dr. Karen Martinez,2025-03-10,2025-08-15,Completed
M00340,P0106,E00524,Lisinopril 10mg,ACE Inhibitor,10mg,Once daily,Dr. Rachel Green,2024-08-22,2025-05-28,Active
M00341,P0106,E00525,Omeprazole 20mg,PPI,20mg,Once daily,Dr. Patricia Clark,2024-03-22,2024-04-03,Completed
M00342,P0106,E00521,Enoxaparin 40mg,Anticoagulant,40mg,Once daily,Dr. Michael Patel,2025-12-04,2025-12-17,Completed
M00343,P0108,E00533,Albuterol Inhaler 90mcg,SABA,90mcg,As needed,Dr. Sarah Chen,2025-04-16,2025-11-07,Discontinued
M00344,P0108,E00533,Prednisone 20mg,Corticosteroid,20mg,Once daily,Dr. Sarah Chen,2025-04-16,2025-11-04,Active
M00345,P0108,E00533,Ondansetron 4mg,Antiemetic,4mg,Every 8 hours as needed,Dr. Sarah Chen,2025-04-16,2025-04-27,Completed
M00346,P0109,E00541,Amlodipine 5mg,CCB,5mg,Once daily,Dr. Rachel Green,2025-03-20,2026-01-02,Active
M00347,P0109,E00544,Ondansetron 4mg,Antiemetic,4mg,Every 8 hours as needed,Dr. James Wilson,2024-05-03,2024-05-26,Completed
M00348,P0109,E00536,Acetaminophen 500mg,Analgesic,500mg,Every 6 hours as needed,Dr. Robert Singh,2025-03-25,2025-04-13,Completed
M00349,P0110,E00547,Empagliflozin 10mg,SGLT2 Inhibitor,10mg,Once daily,Dr. Jennifer Brown,2024-10-19,2025-05-07,Active
M00350,P0110,E00547,Metformin 500mg,Biguanide,500mg,Twice daily,Dr. Jennifer Brown,2024-10-19,2025-09-15,Active
M00351,P0110,E00548,Losartan 50mg,ARB,50mg,Once daily,Dr. Catherine Lee,2025-11-30,2026-10-18,Active
M00352,P0110,E00547,Hydrochlorothiazide 25mg,Thiazide Diuretic,25mg,Once daily,Dr. Jennifer Brown,2024-10-19,2025-09-16,Active
M00353,P0110,E00546,Ceftriaxone 1g IV,Antibiotic,As directed,Once daily,Dr. Michael Patel,2024-10-14,2024-11-08,Completed
M00354,P0111,E00551,Furosemide 40mg,Loop Diuretic,40mg,Once daily,Dr. Patricia Clark,2024-05-10,2024-10-22,Active
M00355,P0111,E00550,Amlodipine 5mg,CCB,5mg,Once daily,Dr. Robert Singh,2024-04-11,2024-12-27,Active
M00356,P0111,E00550,Enoxaparin 40mg,Anticoagulant,40mg,Once daily,Dr. Robert Singh,2024-04-11,2024-04-17,Completed
M00357,P0112,E00559,Prednisone 20mg,Corticosteroid,20mg,Once daily,Dr. Emily Johnson,2025-09-18,2026-08-21,Active
M00358,P0112,E00555,Albuterol Inhaler 90mcg,SABA,90mcg,As needed,Dr. John Williams,2026-03-20,2027-02-10,Active
M00359,P0112,E00553,Amlodipine 5mg,CCB,5mg,Once daily,Dr. John Williams,2025-12-11,2026-10-24,Active
M00360,P0112,E00552,Hydrochlorothiazide 25mg,Thiazide Diuretic,25mg,Once daily,Dr. Michael Patel,2025-03-22,2026-01-25,Active
M00361,P0112,E00557,Enoxaparin 40mg,Anticoagulant,40mg,Once daily,Dr. Lisa Chang,2024-02-10,2024-02-17,Completed
M00362,P0112,E00552,Omeprazole 20mg,PPI,20mg,Once daily,Dr. Michael Patel,2025-03-22,2025-04-11,Completed
M00363,P0112,E00554,Omeprazole 20mg,PPI,20mg,Once daily,Dr. Richard Davis,2025-06-05,2025-07-03,Completed
M00364,P0112,E00558,Ceftriaxone 1g IV,Antibiotic,As directed,Once daily,Dr. William Taylor,2025-10-26,2025-11-21,Completed
M00365,P0113,E01001,Empagliflozin 10mg,SGLT2 Inhibitor,10mg,Once daily,Dr. James Wilson,2025-11-08,2026-03-22,Active
M00366,P0113,E00560,Metformin 500mg,Biguanide,500mg,Twice daily,Dr. Ahmed Hassan,2025-10-31,2026-01-18,Active
M00367,P0113,E00562,Lisinopril 10mg,ACE Inhibitor,10mg,Once daily,Dr. Emily Johnson,2024-04-05,2024-07-06,Active
M00368,P0113,E00568,Spironolactone 25mg,Aldosterone Antagonist,25mg,Once daily,Dr. Lisa Chang,2025-03-30,2025-06-01,Active
M00369,P0113,E00565,Amlodipine 5mg,CCB,5mg,Once daily,Dr. Maria Rodriguez,2026-01-14,2026-08-04,Active
M00370,P0113,E00560,Ondansetron 4mg,Antiemetic,4mg,Every 8 hours as needed,Dr. Ahmed Hassan,2025-10-31,2025-11-19,Completed
M00371,P0113,E01001,Enoxaparin 40mg,Anticoagulant,40mg,Once daily,Dr. James Wilson,2025-11-08,2025-12-04,Completed
M00372,P0115,E00573,Furosemide 40mg,Loop Diuretic,40mg,Once daily,Dr. Rachel Green,2024-07-01,2025-01-27,Active
M00373,P0116,E00575,Tiotropium 18mcg,LAMA,18mcg,Once daily,Dr. David Kim,2025-12-29,2026-02-06,Discontinued
M00374,P0116,E00578,Fluticasone/Salmeterol 250/50mcg,ICS/LABA,250/50mcg,Twice daily,Dr. Patricia Clark,2024-09-08,2024-11-09,Active
M00375,P0116,E00577,Omeprazole 20mg,PPI,20mg,Once daily,Dr. Ahmed Hassan,2025-01-29,2025-02-19,Completed
M00376,P0117,E00581,Losartan 50mg,ARB,50mg,Once daily,Dr. David Kim,2025-07-18,2025-09-01,Active
M00377,P0117,E00581,Ondansetron 4mg,Antiemetic,4mg,Every 8 hours as needed,Dr. David Kim,2025-07-18,2025-08-16,Completed
M00378,P0118,E00583,Tiotropium 18mcg,LAMA,18mcg,Once daily,Dr. Jennifer Brown,2025-03-02,2026-02-12,Completed
M00379,P0118,E00583,Hydrochlorothiazide 25mg,Thiazide Diuretic,25mg,Once daily,Dr. Jennifer Brown,2025-03-02,2025-12-10,Discontinued
M00380,P0118,E00584,Ceftriaxone 1g IV,Antibiotic,As directed,Once daily,Dr. Emily Johnson,2025-10-22,2025-11-02,Completed
M00381,P0119,E00585,Albuterol Inhaler 90mcg,SABA,90mcg,As needed,Dr. Lisa Chang,2025-11-27,2026-04-02,Active
M00382,P0119,E00586,Acetaminophen 500mg,Analgesic,500mg,Every 6 hours as needed,Dr. Patricia Clark,2024-04-04,2024-04-30,Completed
M00383,P0121,E00589,Hydrochlorothiazide 25mg,Thiazide Diuretic,25mg,Once daily,Dr. Richard Davis,2024-09-03,2025-05-28,Active
M00384,P0121,E00592,Amlodipine 5mg,CCB,5mg,Once daily,Dr. Michael Patel,2024-06-02,2024-08-20,Discontinued
M00385,P0121,E00590,Acetaminophen 500mg,Analgesic,500mg,Every 6 hours as needed,Dr. Steven Park,2024-04-05,2024-04-28,Completed
M00386,P0121,E00593,Enoxaparin 40mg,Anticoagulant,40mg,Once daily,Dr. David Kim,2025-04-19,2025-05-11,Completed
M00387,P0122,E00598,Amlodipine 5mg,CCB,5mg,Once daily,Dr. William Taylor,2025-08-13,2026-01-15,Active
M00388,P0122,E00597,Hydrochlorothiazide 25mg,Thiazide Diuretic,25mg,Once daily,Dr. Emily Johnson,2026-03-27,2026-11-29,Active
M00389,P0122,E00598,Acetaminophen 500mg,Analgesic,500mg,Every 6 hours as needed,Dr. William Taylor,2025-08-13,2025-08-19,Completed
M00390,P0123,E00603,Insulin Glargine 100 units/mL,Insulin,As directed,Once daily,Dr. Steven Park,2025-04-21,2025-12-01,Active
M00391,P0123,E00603,Glipizide 5mg,Sulfonylurea,5mg,Once daily,Dr. Steven Park,2025-04-21,2025-11-11,Completed
M00392,P0123,E00603,Hydrochlorothiazide 25mg,Thiazide Diuretic,25mg,Once daily,Dr. Steven Park,2025-04-21,2025-06-28,Completed
M00393,P0123,E00600,Ceftriaxone 1g IV,Antibiotic,As directed,Once daily,Dr. Sandra Lopez,2025-10-01,2025-10-19,Completed
M00394,P0124,E00608,Metformin 500mg,Biguanide,500mg,Twice daily,Dr. Karen Martinez,2024-10-31,2025-05-16,Active
M00395,P0124,E00607,Amlodipine 5mg,CCB,5mg,Once daily,Dr. James Wilson,2025-06-21,2026-05-25,Discontinued
M00396,P0124,E00604,Acetaminophen 500mg,Analgesic,500mg,Every 6 hours as needed,Dr. Karen Martinez,2024-12-16,2024-12-29,Completed
M00397,P0125,E00611,Metformin 500mg,Biguanide,500mg,Twice daily,Dr. Thomas Wright,2026-01-21,2026-06-08,Discontinued
M00398,P0125,E00612,Empagliflozin 10mg,SGLT2 Inhibitor,10mg,Once daily,Dr. Sarah Chen,2024-04-26,2024-09-21,Active
M00399,P0126,E00614,Losartan 50mg,ARB,50mg,Once daily,Dr. Sarah Chen,2025-11-26,2026-10-03,Discontinued
M00400,P0126,E00614,Amlodipine 5mg,CCB,5mg,Once daily,Dr. Sarah Chen,2025-11-26,2026-10-01,Active
M00401,P0126,E01002,Enoxaparin 40mg,Anticoagulant,40mg,Once daily,Dr. Richard Davis,2025-09-08,2025-10-07,Completed
M00402,P0127,E00618,Losartan 50mg,ARB,50mg,Once daily,Dr. Sandra Lopez,2025-09-23,2026-03-09,Active
M00403,P0127,E00618,Amlodipine 5mg,CCB,5mg,Once daily,Dr. Sandra Lopez,2025-09-23,2025-11-27,Active
M00404,P0128,E00623,Lisinopril 10mg,ACE Inhibitor,10mg,Once daily,Dr. Steven Park,2025-03-16,2025-05-06,Completed
M00405,P0128,E00620,Acetaminophen 500mg,Analgesic,500mg,Every 6 hours as needed,Dr. Steven Park,2025-04-25,2025-05-08,Completed
M00406,P0129,E00626,Insulin Glargine 100 units/mL,Insulin,As directed,Once daily,Dr. James Wilson,2024-04-05,2024-10-23,Active
M00407,P0129,E00627,Hydrochlorothiazide 25mg,Thiazide Diuretic,25mg,Once daily,Dr. Lisa Chang,2026-01-21,2026-04-14,Active
M00408,P0129,E00626,Omeprazole 20mg,PPI,20mg,Once daily,Dr. James Wilson,2024-04-05,2024-04-15,Completed
M00409,P0130,E00632,Losartan 50mg,ARB,50mg,Once daily,Dr. Sarah Chen,2024-01-06,2024-10-29,Active
M00410,P0130,E00631,Omeprazole 20mg,PPI,20mg,Once daily,Dr. Catherine Lee,2024-07-01,2024-07-21,Completed
M00411,P0130,E00630,Acetaminophen 500mg,Analgesic,500mg,Every 6 hours as needed,Dr. Thomas Wright,2025-05-17,2025-06-04,Completed
M00412,P0131,E00633,Empagliflozin 10mg,SGLT2 Inhibitor,10mg,Once daily,Dr. James Wilson,2024-04-27,2025-02-21,Active
M00413,P0132,E00637,Tiotropium 18mcg,LAMA,18mcg,Once daily,Dr. William Taylor,2026-01-09,2026-12-01,Active
M00414,P0132,E00637,Prednisone 20mg,Corticosteroid,20mg,Once daily,Dr. William Taylor,2026-01-09,2026-06-15,Discontinued
M00415,P0133,E00639,Hydrochlorothiazide 25mg,Thiazide Diuretic,25mg,Once daily,Dr. Emily Johnson,2025-10-22,2026-03-31,Discontinued
M00416,P0133,E00641,Acetaminophen 500mg,Analgesic,500mg,Every 6 hours as needed,Dr. Lisa Chang,2024-01-10,2024-01-27,Completed
M00417,P0133,E00638,Ceftriaxone 1g IV,Antibiotic,As directed,Once daily,Dr. Richard Davis,2024-07-23,2024-08-19,Completed
M00418,P0133,E01003,Omeprazole 20mg,PPI,20mg,Once daily,Dr. Patricia Clark,2024-08-08,2024-09-02,Completed
M00419,P0133,E00642,Omeprazole 20mg,PPI,20mg,Once daily,Dr. James Wilson,2025-09-08,2025-09-17,Completed
M00420,P0134,E00644,Omeprazole 20mg,PPI,20mg,Once daily,Dr. Sarah Chen,2024-05-07,2024-06-04,Completed
M00421,P0135,E00648,Albuterol Inhaler 90mcg,SABA,90mcg,As needed,Dr. William Taylor,2026-01-11,2026-08-31,Active
M00422,P0135,E00649,Acetaminophen 500mg,Analgesic,500mg,Every 6 hours as needed,Dr. Thomas Wright,2024-11-07,2024-11-30,Completed
M00423,P0135,E00645,Omeprazole 20mg,PPI,20mg,Once daily,Dr. Jennifer Brown,2025-06-30,2025-07-27,Completed
M00424,P0135,E01005,Acetaminophen 500mg,Analgesic,500mg,Every 6 hours as needed,Dr. Catherine Lee,2025-07-02,2025-07-20,Completed
M00425,P0135,E00646,Omeprazole 20mg,PPI,20mg,Once daily,Dr. Maria Rodriguez,2025-07-23,2025-08-11,Completed
M00426,P0135,E00648,Acetaminophen 500mg,Analgesic,500mg,Every 6 hours as needed,Dr. William Taylor,2026-01-11,2026-01-27,Completed
M00427,P0136,E00651,Empagliflozin 10mg,SGLT2 Inhibitor,10mg,Once daily,Dr. James Wilson,2025-05-16,2026-03-07,Active
M00428,P0136,E00650,Insulin Glargine 100 units/mL,Insulin,As directed,Once daily,Dr. John Williams,2025-02-27,2025-07-10,Active
M00429,P0136,E00650,Prednisone 20mg,Corticosteroid,20mg,Once daily,Dr. John Williams,2025-02-27,2025-07-03,Active
M00430,P0136,E00650,Losartan 50mg,ARB,50mg,Once daily,Dr. John Williams,2025-02-27,2025-04-23,Active
M00431,P0136,E00652,Hydrochlorothiazide 25mg,Thiazide Diuretic,25mg,Once daily,Dr. James Wilson,2024-03-25,2024-12-01,Completed
M00432,P0136,E00652,Acetaminophen 500mg,Analgesic,500mg,Every 6 hours as needed,Dr. James Wilson,2024-03-25,2024-04-22,Completed
M00433,P0137,E00653,Hydrochlorothiazide 25mg,Thiazide Diuretic,25mg,Once daily,Dr. John Williams,2024-08-09,2025-04-07,Active
M00434,P0137,E00653,Losartan 50mg,ARB,50mg,Once daily,Dr. John Williams,2024-08-09,2024-11-19,Active
M00435,P0137,E00653,Enoxaparin 40mg,Anticoagulant,40mg,Once daily,Dr. John Williams,2024-08-09,2024-09-07,Completed
M00436,P0138,E00654,Empagliflozin 10mg,SGLT2 Inhibitor,10mg,Once daily,Dr. Catherine Lee,2025-11-02,2026-01-04,Discontinued
M00437,P0138,E00658,Ceftriaxone 1g IV,Antibiotic,As directed,Once daily,Dr. Michael Patel,2024-06-03,2024-06-28,Completed
M00438,P0138,E00656,Omeprazole 20mg,PPI,20mg,Once daily,Dr. Emily Johnson,2025-08-14,2025-09-10,Completed
M00439,P0139,E00659,Spironolactone 25mg,Aldosterone Antagonist,25mg,Once daily,Dr. Lisa Chang,2025-08-31,2025-12-21,Completed
M00440,P0139,E00662,Carvedilol 12.5mg,Beta Blocker,12.5mg,Twice daily,Dr. Lisa Chang,2024-07-08,2025-03-19,Active
M00441,P0139,E00661,Amlodipine 5mg,CCB,5mg,Once daily,Dr. Sandra Lopez,2026-01-21,2026-09-04,Active
M00442,P0139,E00662,Omeprazole 20mg,PPI,20mg,Once daily,Dr. Lisa Chang,2024-07-08,2024-07-16,Completed
M00443,P0139,E00659,Ceftriaxone 1g IV,Antibiotic,As directed,Once daily,Dr. Lisa Chang,2025-08-31,2025-09-21,Completed
M00444,P0139,E00661,Acetaminophen 500mg,Analgesic,500mg,Every 6 hours as needed,Dr. Sandra Lopez,2026-01-21,2026-02-03,Completed
M00445,P0140,E00663,Empagliflozin 10mg,SGLT2 Inhibitor,10mg,Once daily,Dr. Sarah Chen,2024-01-14,2024-11-29,Active
M00446,P0140,E00663,Metformin 500mg,Biguanide,500mg,Twice daily,Dr. Sarah Chen,2024-01-14,2024-07-06,Active
M00447,P0141,E00667,Prednisone 20mg,Corticosteroid,20mg,Once daily,Dr. David Kim,2025-06-15,2025-07-16,Active
M00448,P0141,E00674,Ondansetron 4mg,Antiemetic,4mg,Every 8 hours as needed,Dr. Michael Patel,2024-03-29,2024-04-16,Completed
M00449,P0141,E00665,Acetaminophen 500mg,Analgesic,500mg,Every 6 hours as needed,Dr. William Taylor,2024-05-30,2024-06-19,Completed
M00450,P0141,E00670,Acetaminophen 500mg,Analgesic,500mg,Every 6 hours as needed,Dr. Richard Davis,2024-10-09,2024-11-06,Completed
M00451,P0141,E00673,Enoxaparin 40mg,Anticoagulant,40mg,Once daily,Dr. John Williams,2025-03-16,2025-03-29,Completed
M00452,P0141,E00672,Omeprazole 20mg,PPI,20mg,Once daily,Dr. Maria Rodriguez,2025-05-13,2025-06-07,Completed
M00453,P0141,E00667,Ondansetron 4mg,Antiemetic,4mg,Every 8 hours as needed,Dr. David Kim,2025-06-15,2025-07-08,Completed
M00454,P0141,E00668,Acetaminophen 500mg,Analgesic,500mg,Every 6 hours as needed,Dr. Steven Park,2025-08-14,2025-08-31,Completed
M00455,P0142,E00675,Hydrochlorothiazide 25mg,Thiazide Diuretic,25mg,Once daily,Dr. Sandra Lopez,2025-03-08,2025-09-20,Active
M00456,P0142,E00676,Amlodipine 5mg,CCB,5mg,Once daily,Dr. Robert Singh,2025-11-26,2026-06-26,Completed
M00457,P0143,E00679,Spironolactone 25mg,Aldosterone Antagonist,25mg,Once daily,Dr. Sandra Lopez,2025-07-26,2026-06-08,Active
M00458,P0143,E01006,Lisinopril 10mg,ACE Inhibitor,10mg,Once daily,Dr. Emily Johnson,2024-01-21,2024-04-12,Discontinued
M00459,P0143,E00679,Amlodipine 5mg,CCB,5mg,Once daily,Dr. Sandra Lopez,2025-07-26,2025-09-16,Active
M00460,P0143,E00684,Ondansetron 4mg,Antiemetic,4mg,Every 8 hours as needed,Dr. Maria Rodriguez,2024-01-07,2024-02-04,Completed
M00461,P0143,E01006,Ondansetron 4mg,Antiemetic,4mg,Every 8 hours as needed,Dr. Emily Johnson,2024-01-21,2024-02-09,Completed
M00462,P0143,E00682,Omeprazole 20mg,PPI,20mg,Once daily,Dr. Michael Patel,2024-10-24,2024-11-04,Completed
M00463,P0143,E00680,Acetaminophen 500mg,Analgesic,500mg,Every 6 hours as needed,Dr. Sarah Chen,2025-06-08,2025-06-21,Completed
M00464,P0144,E00686,Ondansetron 4mg,Antiemetic,4mg,Every 8 hours as needed,Dr. Sarah Chen,2025-09-19,2025-10-07,Completed
M00465,P0145,E01008,Glipizide 5mg,Sulfonylurea,5mg,Once daily,Dr. William Taylor,2025-10-02,2026-08-29,Completed
M00466,P0145,E01007,Lisinopril 10mg,ACE Inhibitor,10mg,Once daily,Dr. Jennifer Brown,2024-07-05,2024-12-03,Discontinued
M00467,P0145,E00698,Amlodipine 5mg,CCB,5mg,Once daily,Dr. David Kim,2024-06-27,2025-05-29,Discontinued
M00468,P0145,E01007,Enoxaparin 40mg,Anticoagulant,40mg,Once daily,Dr. Jennifer Brown,2024-07-05,2024-08-01,Completed
M00469,P0145,E00690,Omeprazole 20mg,PPI,20mg,Once daily,Dr. Thomas Wright,2025-08-17,2025-09-12,Completed
M00470,P0146,E00699,Carvedilol 12.5mg,Beta Blocker,12.5mg,Twice daily,Dr. Richard Davis,2024-10-19,2025-01-08,Active
M00471,P0146,E00700,Spironolactone 25mg,Aldosterone Antagonist,25mg,Once daily,Dr. Ahmed Hassan,2024-02-04,2024-12-24,Active
M00472,P0146,E00699,Prednisone 20mg,Corticosteroid,20mg,Once daily,Dr. Richard Davis,2024-10-19,2025-05-19,Completed
M00473,P0146,E00700,Omeprazole 20mg,PPI,20mg,Once daily,Dr. Ahmed Hassan,2024-02-04,2024-02-09,Completed
M00474,P0147,E00704,Glipizide 5mg,Sulfonylurea,5mg,Once daily,Dr. Steven Park,2024-06-10,2024-10-06,Active
M00475,P0147,E00705,Hydrochlorothiazide 25mg,Thiazide Diuretic,25mg,Once daily,Dr. Michael Patel,2024-04-23,2024-08-22,Active
M00476,P0147,E01009,Ceftriaxone 1g IV,Antibiotic,As directed,Once daily,Dr. Jennifer Brown,2024-06-25,2024-07-14,Completed
M00477,P0147,E00702,Enoxaparin 40mg,Anticoagulant,40mg,Once daily,Dr. Karen Martinez,2025-03-13,2025-03-25,Completed
M00478,P0148,E00707,Albuterol Inhaler 90mcg,SABA,90mcg,As needed,Dr. Sandra Lopez,2024-02-06,2024-06-19,Active
M00479,P0148,E00707,Hydrochlorothiazide 25mg,Thiazide Diuretic,25mg,Once daily,Dr. Sandra Lopez,2024-02-06,2024-04-08,Active
M00480,P0148,E00708,Losartan 50mg,ARB,50mg,Once daily,Dr. John Williams,2024-05-12,2024-12-21,Active
M00481,P0148,E00706,Acetaminophen 500mg,Analgesic,500mg,Every 6 hours as needed,Dr. Sandra Lopez,2026-02-22,2026-03-16,Completed
M00482,P0149,E00713,Prednisone 20mg,Corticosteroid,20mg,Once daily,Dr. David Kim,2024-01-16,2024-03-29,Active
M00483,P0149,E00712,Omeprazole 20mg,PPI,20mg,Once daily,Dr. Patricia Clark,2024-02-29,2024-03-18,Completed
M00484,P0149,E00714,Omeprazole 20mg,PPI,20mg,Once daily,Dr. Karen Martinez,2024-11-17,2024-12-14,Completed
M00485,P0149,E00711,Ondansetron 4mg,Antiemetic,4mg,Every 8 hours as needed,Dr. Catherine Lee,2025-12-19,2026-01-15,Completed
M00486,P0150,E00716,Empagliflozin 10mg,SGLT2 Inhibitor,10mg,Once daily,Dr. Maria Rodriguez,2025-06-23,2026-03-09,Completed
M00487,P0150,E00716,Metformin 500mg,Biguanide,500mg,Twice daily,Dr. Maria Rodriguez,2025-06-23,2026-05-31,Completed
M00488,P0150,E00715,Ceftriaxone 1g IV,Antibiotic,As directed,Once daily,Dr. Patricia Clark,2025-07-10,2025-08-03,Completed
M00489,P0151,E00723,Lisinopril 10mg,ACE Inhibitor,10mg,Once daily,Dr. Sandra Lopez,2024-09-25,2025-05-20,Active
M00490,P0152,E00733,Empagliflozin 10mg,SGLT2 Inhibitor,10mg,Once daily,Dr. Michael Patel,2026-01-01,2026-03-31,Active
M00491,P0152,E00734,Metformin 500mg,Biguanide,500mg,Twice daily,Dr. Rachel Green,2024-03-20,2024-08-14,Discontinued
M00492,P0152,E00729,Hydrochlorothiazide 25mg,Thiazide Diuretic,25mg,Once daily,Dr. James Wilson,2025-07-23,2026-03-12,Discontinued
M00493,P0152,E00728,Omeprazole 20mg,PPI,20mg,Once daily,Dr. Thomas Wright,2025-11-07,2025-11-29,Completed
M00494,P0152,E00726,Acetaminophen 500mg,Analgesic,500mg,Every 6 hours as needed,Dr. Richard Davis,2026-03-29,2026-04-19,Completed
M00495,P0153,E00740,Carvedilol 12.5mg,Beta Blocker,12.5mg,Twice daily,Dr. Richard Davis,2025-06-21,2026-04-29,Active
M00496,P0153,E00736,Ondansetron 4mg,Antiemetic,4mg,Every 8 hours as needed,Dr. Ahmed Hassan,2024-02-15,2024-02-22,Completed
M00497,P0153,E00735,Ceftriaxone 1g IV,Antibiotic,As directed,Once daily,Dr. Jennifer Brown,2024-11-30,2024-12-22,Completed
M00498,P0154,E00742,Omeprazole 20mg,PPI,20mg,Once daily,Dr. Lisa Chang,2025-06-01,2025-06-07,Completed
M00499,P0154,E01012,Omeprazole 20mg,PPI,20mg,Once daily,Dr. Jennifer Brown,2025-06-11,2025-06-20,Completed
M00500,P0155,E00745,Lisinopril 10mg,ACE Inhibitor,10mg,Once daily,Dr. Rachel Green,2024-07-21,2025-07-05,Completed
M00501,P0155,E00750,Ondansetron 4mg,Antiemetic,4mg,Every 8 hours as needed,Dr. John Williams,2024-01-08,2024-01-15,Completed
M00502,P0155,E00748,Omeprazole 20mg,PPI,20mg,Once daily,Dr. Catherine Lee,2024-10-27,2024-11-22,Completed
M00503,P0155,E00752,Ceftriaxone 1g IV,Antibiotic,As directed,Once daily,Dr. Robert Singh,2024-11-22,2024-11-27,Completed
M00504,P0155,E00749,Acetaminophen 500mg,Analgesic,500mg,Every 6 hours as needed,Dr. Richard Davis,2025-04-05,2025-05-04,Completed
M00505,P0155,E00751,Acetaminophen 500mg,Analgesic,500mg,Every 6 hours as needed,Dr. John Williams,2026-03-02,2026-04-01,Completed
M00506,P0157,E00761,Fluticasone/Salmeterol 250/50mcg,ICS/LABA,250/50mcg,Twice daily,Dr. Karen Martinez,2024-05-20,2025-05-11,Discontinued
M00507,P0157,E00758,Amlodipine 5mg,CCB,5mg,Once daily,Dr. Ahmed Hassan,2024-12-28,2025-09-30,Active
M00508,P0157,E00762,Ondansetron 4mg,Antiemetic,4mg,Every 8 hours as needed,Dr. Sandra Lopez,2024-03-31,2024-04-25,Completed
M00509,P0157,E00761,Ondansetron 4mg,Antiemetic,4mg,Every 8 hours as needed,Dr. Karen Martinez,2024-05-20,2024-05-25,Completed
M00510,P0157,E00756,Acetaminophen 500mg,Analgesic,500mg,Every 6 hours as needed,Dr. Jennifer Brown,2025-05-15,2025-06-14,Completed
M00511,P0158,E00763,Glipizide 5mg,Sulfonylurea,5mg,Once daily,Dr. Jennifer Brown,2024-09-26,2024-12-08,Discontinued
M00512,P0158,E00763,Insulin Glargine 100 units/mL,Insulin,As directed,Once daily,Dr. Jennifer Brown,2024-09-26,2025-08-29,Discontinued
M00513,P0158,E01014,Losartan 50mg,ARB,50mg,Once daily,Dr. Sarah Chen,2025-06-03,2025-08-11,Active
M00514,P0158,E00763,Hydrochlorothiazide 25mg,Thiazide Diuretic,25mg,Once daily,Dr. Jennifer Brown,2024-09-26,2025-03-22,Discontinued
M00515,P0158,E00764,Enoxaparin 40mg,Anticoagulant,40mg,Once daily,Dr. Jennifer Brown,2025-05-11,2025-05-31,Completed
M00516,P0158,E01014,Enoxaparin 40mg,Anticoagulant,40mg,Once daily,Dr. Sarah Chen,2025-06-03,2025-06-22,Completed
M00517,P0159,E00765,Lisinopril 10mg,ACE Inhibitor,10mg,Once daily,Dr. Karen Martinez,2025-04-20,2025-06-14,Active
M00518,P0159,E00767,Tiotropium 18mcg,LAMA,18mcg,Once daily,Dr. Michael Patel,2025-02-04,2026-01-25,Active
M00519,P0159,E00766,Prednisone 20mg,Corticosteroid,20mg,Once daily,Dr. Ahmed Hassan,2024-08-28,2025-03-31,Discontinued
M00520,P0159,E00766,Omeprazole 20mg,PPI,20mg,Once daily,Dr. Ahmed Hassan,2024-08-28,2024-09-14,Completed
M00521,P0159,E00767,Acetaminophen 500mg,Analgesic,500mg,Every 6 hours as needed,Dr. Michael Patel,2025-02-04,2025-02-16,Completed
M00522,P0159,E00765,Ceftriaxone 1g IV,Antibiotic,As directed,Once daily,Dr. Karen Martinez,2025-04-20,2025-05-11,Completed
M00523,P0160,E00771,Glipizide 5mg,Sulfonylurea,5mg,Once daily,Dr. Robert Singh,2024-08-22,2024-10-16,Active
M00524,P0160,E00770,Carvedilol 12.5mg,Beta Blocker,12.5mg,Twice daily,Dr. Emily Johnson,2025-06-15,2025-08-05,Discontinued
M00525,P0160,E00772,Furosemide 40mg,Loop Diuretic,40mg,Once daily,Dr. Karen Martinez,2024-01-14,2024-12-29,Completed
M00526,P0160,E00772,Omeprazole 20mg,PPI,20mg,Once daily,Dr. Karen Martinez,2024-01-14,2024-01-26,Completed
M00527,P0160,E00769,Ondansetron 4mg,Antiemetic,4mg,Every 8 hours as needed,Dr. Catherine Lee,2025-07-06,2025-07-28,Completed
M00528,P0161,E00775,Glipizide 5mg,Sulfonylurea,5mg,Once daily,Dr. Sarah Chen,2025-02-04,2025-05-09,Active
M00529,P0161,E00776,Metformin 500mg,Biguanide,500mg,Twice daily,Dr. James Wilson,2024-04-12,2024-09-26,Active
M00530,P0162,E00777,Albuterol Inhaler 90mcg,SABA,90mcg,As needed,Dr. Maria Rodriguez,2025-12-20,2026-01-21,Active
M00531,P0162,E01015,Fluticasone/Salmeterol 250/50mcg,ICS/LABA,250/50mcg,Twice daily,Dr. Sandra Lopez,2026-01-31,2026-07-12,Active
M00532,P0162,E00779,Enoxaparin 40mg,Anticoagulant,40mg,Once daily,Dr. Richard Davis,2024-05-27,2024-06-16,Completed
M00533,P0162,E00780,Omeprazole 20mg,PPI,20mg,Once daily,Dr. William Taylor,2025-09-23,2025-10-10,Completed
M00534,P0162,E01015,Acetaminophen 500mg,Analgesic,500mg,Every 6 hours as needed,Dr. Sandra Lopez,2026-01-31,2026-02-17,Completed
M00535,P0163,E00781,Carvedilol 12.5mg,Beta Blocker,12.5mg,Twice daily,Dr. Karen Martinez,2025-12-06,2026-02-07,Active
M00536,P0163,E00781,Lisinopril 10mg,ACE Inhibitor,10mg,Once daily,Dr. Karen Martinez,2025-12-06,2026-07-28,Discontinued
M00537,P0163,E00781,Hydrochlorothiazide 25mg,Thiazide Diuretic,25mg,Once daily,Dr. Karen Martinez,2025-12-06,2026-10-24,Active
M00538,P0163,E00782,Amlodipine 5mg,CCB,5mg,Once daily,Dr. David Kim,2025-10-29,2026-04-29,Active
M00539,P0163,E00782,Enoxaparin 40mg,Anticoagulant,40mg,Once daily,Dr. David Kim,2025-10-29,2025-11-27,Completed
M00540,P0164,E00787,Hydrochlorothiazide 25mg,Thiazide Diuretic,25mg,Once daily,Dr. Karen Martinez,2025-04-30,2025-07-22,Active
M00541,P0164,E00784,Losartan 50mg,ARB,50mg,Once daily,Dr. William Taylor,2025-06-21,2025-09-01,Completed
M00542,P0164,E00784,Enoxaparin 40mg,Anticoagulant,40mg,Once daily,Dr. William Taylor,2025-06-21,2025-07-01,Completed
M00543,P0164,E00789,Ceftriaxone 1g IV,Antibiotic,As directed,Once daily,Dr. Richard Davis,2025-07-26,2025-08-24,Completed
M00544,P0164,E01018,Acetaminophen 500mg,Analgesic,500mg,Every 6 hours as needed,Dr. David Kim,2025-08-04,2025-08-14,Completed
M00545,P0164,E00786,Omeprazole 20mg,PPI,20mg,Once daily,Dr. David Kim,2025-09-11,2025-10-09,Completed
M00546,P0165,E00792,Losartan 50mg,ARB,50mg,Once daily,Dr. Sandra Lopez,2024-06-21,2024-10-27,Active
M00547,P0165,E00791,Amlodipine 5mg,CCB,5mg,Once daily,Dr. Sandra Lopez,2024-09-26,2024-12-08,Completed
M00548,P0165,E00793,Enoxaparin 40mg,Anticoagulant,40mg,Once daily,Dr. Ahmed Hassan,2024-01-01,2024-01-31,Completed
M00549,P0165,E00796,Ceftriaxone 1g IV,Antibiotic,As directed,Once daily,Dr. Rachel Green,2024-05-26,2024-06-16,Completed
M00550,P0165,E00791,Ondansetron 4mg,Antiemetic,4mg,Every 8 hours as needed,Dr. Sandra Lopez,2024-09-26,2024-10-17,Completed
M00551,P0167,E00800,Omeprazole 20mg,PPI,20mg,Once daily,Dr. Michael Patel,2025-05-05,2025-06-02,Completed
M00552,P0167,E01019,Omeprazole 20mg,PPI,20mg,Once daily,Dr. Jennifer Brown,2025-06-16,2025-07-08,Completed
M00553,P0168,E00801,Fluticasone/Salmeterol 250/50mcg,ICS/LABA,250/50mcg,Twice daily,Dr. Patricia Clark,2025-09-14,2025-12-21,Completed
M00554,P0169,E00808,Amlodipine 5mg,CCB,5mg,Once daily,Dr. David Kim,2024-09-09,2025-03-07,Active
M00555,P0169,E00809,Losartan 50mg,ARB,50mg,Once daily,Dr. Emily Johnson,2024-10-20,2025-03-09,Active
M00556,P0169,E00807,Ondansetron 4mg,Antiemetic,4mg,Every 8 hours as needed,Dr. Catherine Lee,2024-11-21,2024-12-04,Completed
M00557,P0169,E00806,Acetaminophen 500mg,Analgesic,500mg,Every 6 hours as needed,Dr. James Wilson,2024-12-15,2025-01-01,Completed
M00558,P0170,E00823,Metformin 500mg,Biguanide,500mg,Twice daily,Dr. David Kim,2024-04-08,2025-03-11,Completed
M00559,P0170,E00811,Hydrochlorothiazide 25mg,Thiazide Diuretic,25mg,Once daily,Dr. Robert Singh,2025-08-22,2025-10-15,Discontinued
M00560,P0170,E00821,Amlodipine 5mg,CCB,5mg,Once daily,Dr. Maria Rodriguez,2024-09-07,2025-02-07,Discontinued
M00561,P0170,E00821,Omeprazole 20mg,PPI,20mg,Once daily,Dr. Maria Rodriguez,2024-09-07,2024-09-27,Completed
M00562,P0170,E00815,Enoxaparin 40mg,Anticoagulant,40mg,Once daily,Dr. Patricia Clark,2024-12-08,2025-01-02,Completed
M00563,P0170,E00820,Omeprazole 20mg,PPI,20mg,Once daily,Dr. Lisa Chang,2025-02-09,2025-02-15,Completed
M00564,P0171,E00824,Hydrochlorothiazide 25mg,Thiazide Diuretic,25mg,Once daily,Dr. Karen Martinez,2026-01-17,2026-08-02,Completed
M00565,P0171,E00826,Ondansetron 4mg,Antiemetic,4mg,Every 8 hours as needed,Dr. Jennifer Brown,2025-09-05,2025-09-23,Completed
M00566,P0172,E00828,Metformin 500mg,Biguanide,500mg,Twice daily,Dr. Emily Johnson,2024-03-25,2024-08-08,Active
M00567,P0172,E00830,Lisinopril 10mg,ACE Inhibitor,10mg,Once daily,Dr. Catherine Lee,2025-03-11,2025-11-08,Active
M00568,P0172,E00834,Hydrochlorothiazide 25mg,Thiazide Diuretic,25mg,Once daily,Dr. William Taylor,2025-09-05,2025-10-11,Active
M00569,P0172,E00828,Enoxaparin 40mg,Anticoagulant,40mg,Once daily,Dr. Emily Johnson,2024-03-25,2024-04-07,Completed
M00570,P0172,E00831,Enoxaparin 40mg,Anticoagulant,40mg,Once daily,Dr. David Kim,2025-07-01,2025-07-06,Completed
M00571,P0172,E00837,Ondansetron 4mg,Antiemetic,4mg,Every 8 hours as needed,Dr. Maria Rodriguez,2026-01-20,2026-02-19,Completed
M00572,P0175,E00842,Tiotropium 18mcg,LAMA,18mcg,Once daily,Dr. Ahmed Hassan,2024-07-31,2025-02-05,Discontinued
M00573,P0175,E00842,Albuterol Inhaler 90mcg,SABA,90mcg,As needed,Dr. Ahmed Hassan,2024-07-31,2024-11-01,Discontinued
M00574,P0175,E00846,Acetaminophen 500mg,Analgesic,500mg,Every 6 hours as needed,Dr. Thomas Wright,2024-12-19,2025-01-10,Completed
M00575,P0175,E00847,Omeprazole 20mg,PPI,20mg,Once daily,Dr. Patricia Clark,2024-12-26,2025-01-12,Completed
M00576,P0175,E00844,Ceftriaxone 1g IV,Antibiotic,As directed,Once daily,Dr. David Kim,2025-02-02,2025-02-07,Completed
M00577,P0175,E00845,Enoxaparin 40mg,Anticoagulant,40mg,Once daily,Dr. James Wilson,2025-12-15,2025-12-26,Completed
M00578,P0175,E00843,Omeprazole 20mg,PPI,20mg,Once daily,Dr. Rachel Green,2025-12-27,2026-01-07,Completed
M00579,P0176,E00855,Metformin 500mg,Biguanide,500mg,Twice daily,Dr. John Williams,2024-01-24,2024-10-11,Active
M00580,P0176,E00854,Losartan 50mg,ARB,50mg,Once daily,Dr. Karen Martinez,2024-01-24,2024-04-10,Active
M00581,P0176,E00854,Hydrochlorothiazide 25mg,Thiazide Diuretic,25mg,Once daily,Dr. Karen Martinez,2024-01-24,2024-07-22,Active
M00582,P0176,E00852,Enoxaparin 40mg,Anticoagulant,40mg,Once daily,Dr. Rachel Green,2024-12-08,2025-01-05,Completed
M00583,P0176,E00851,Ceftriaxone 1g IV,Antibiotic,As directed,Once daily,Dr. Emily Johnson,2025-02-17,2025-03-14,Completed
M00584,P0177,E00856,Furosemide 40mg,Loop Diuretic,40mg,Once daily,Dr. James Wilson,2024-06-28,2025-04-06,Completed
M00585,P0177,E00858,Losartan 50mg,ARB,50mg,Once daily,Dr. Sarah Chen,2025-09-10,2025-11-28,Active
M00586,P0177,E00861,Amlodipine 5mg,CCB,5mg,Once daily,Dr. Richard Davis,2026-01-12,2026-04-17,Completed
M00587,P0177,E00861,Acetaminophen 500mg,Analgesic,500mg,Every 6 hours as needed,Dr. Richard Davis,2026-01-12,2026-01-23,Completed
M00588,P0178,E00862,Tiotropium 18mcg,LAMA,18mcg,Once daily,Dr. Karen Martinez,2024-09-05,2025-04-22,Completed
M00589,P0178,E00863,Amlodipine 5mg,CCB,5mg,Once daily,Dr. David Kim,2024-10-29,2025-02-14,Completed
M00590,P0178,E00862,Omeprazole 20mg,PPI,20mg,Once daily,Dr. Karen Martinez,2024-09-05,2024-09-13,Completed
M00591,P0179,E00869,Furosemide 40mg,Loop Diuretic,40mg,Once daily,Dr. David Kim,2024-03-07,2024-11-12,Discontinued
M00592,P0179,E00875,Carvedilol 12.5mg,Beta Blocker,12.5mg,Twice daily,Dr. Maria Rodriguez,2026-02-18,2026-06-21,Completed
M00593,P0179,E00873,Losartan 50mg,ARB,50mg,Once daily,Dr. Sandra Lopez,2026-03-27,2026-12-30,Completed
M00594,P0179,E00872,Omeprazole 20mg,PPI,20mg,Once daily,Dr. Richard Davis,2025-07-20,2025-08-10,Completed
M00595,P0179,E00871,Acetaminophen 500mg,Analgesic,500mg,Every 6 hours as needed,Dr. Maria Rodriguez,2026-02-03,2026-02-11,Completed
M00596,P0179,E00875,Ondansetron 4mg,Antiemetic,4mg,Every 8 hours as needed,Dr. Maria Rodriguez,2026-02-18,2026-02-23,Completed
M00597,P0181,E00882,Glipizide 5mg,Sulfonylurea,5mg,Once daily,Dr. David Kim,2025-05-28,2026-04-04,Discontinued
M00598,P0181,E00882,Metformin 500mg,Biguanide,500mg,Twice daily,Dr. David Kim,2025-05-28,2026-01-21,Active
M00599,P0181,E00882,Amlodipine 5mg,CCB,5mg,Once daily,Dr. David Kim,2025-05-28,2026-05-07,Active
M00600,P0181,E00882,Ceftriaxone 1g IV,Antibiotic,As directed,Once daily,Dr. David Kim,2025-05-28,2025-06-16,Completed
M00601,P0182,E00884,Metformin 500mg,Biguanide,500mg,Twice daily,Dr. Karen Martinez,2026-03-09,2026-10-13,Discontinued
M00602,P0182,E00885,Losartan 50mg,ARB,50mg,Once daily,Dr. Rachel Green,2024-12-07,2025-10-26,Active
M00603,P0183,E00888,Ceftriaxone 1g IV,Antibiotic,As directed,Once daily,Dr. Ahmed Hassan,2025-07-27,2025-08-19,Completed
M00604,P0184,E00893,Losartan 50mg,ARB,50mg,Once daily,Dr. Thomas Wright,2026-03-01,2027-01-31,Discontinued
M00605,P0184,E00899,Enoxaparin 40mg,Anticoagulant,40mg,Once daily,Dr. Steven Park,2025-10-25,2025-11-23,Completed
M00606,P0185,E00900,Amlodipine 5mg,CCB,5mg,Once daily,Dr. Richard Davis,2024-09-22,2025-07-23,Active
M00607,P0185,E00901,Losartan 50mg,ARB,50mg,Once daily,Dr. Emily Johnson,2025-08-13,2026-08-04,Discontinued
M00608,P0185,E00900,Ceftriaxone 1g IV,Antibiotic,As directed,Once daily,Dr. Richard Davis,2024-09-22,2024-10-15,Completed
M00609,P0185,E00903,Acetaminophen 500mg,Analgesic,500mg,Every 6 hours as needed,Dr. David Kim,2024-11-06,2024-12-05,Completed
M00610,P0186,E00904,Ceftriaxone 1g IV,Antibiotic,As directed,Once daily,Dr. Richard Davis,2026-01-31,2026-02-23,Completed
M00611,P0187,E00909,Insulin Glargine 100 units/mL,Insulin,As directed,Once daily,Dr. Lisa Chang,2024-10-08,2025-01-01,Active
M00612,P0188,E00911,Glipizide 5mg,Sulfonylurea,5mg,Once daily,Dr. Maria Rodriguez,2024-06-04,2025-02-09,Completed
M00613,P0188,E00911,Losartan 50mg,ARB,50mg,Once daily,Dr. Maria Rodriguez,2024-06-04,2025-04-15,Completed
M00614,P0188,E00910,Acetaminophen 500mg,Analgesic,500mg,Every 6 hours as needed,Dr. Emily Johnson,2025-04-26,2025-05-15,Completed
M00615,P0190,E00916,Empagliflozin 10mg,SGLT2 Inhibitor,10mg,Once daily,Dr. Sandra Lopez,2024-09-20,2025-02-07,Active
M00616,P0190,E00916,Hydrochlorothiazide 25mg,Thiazide Diuretic,25mg,Once daily,Dr. Sandra Lopez,2024-09-20,2025-04-04,Discontinued
M00617,P0192,E01022,Hydrochlorothiazide 25mg,Thiazide Diuretic,25mg,Once daily,Dr. Catherine Lee,2026-03-18,2026-04-25,Active
M00618,P0192,E00925,Omeprazole 20mg,PPI,20mg,Once daily,Dr. Maria Rodriguez,2026-03-11,2026-04-07,Completed
M00619,P0192,E01022,Enoxaparin 40mg,Anticoagulant,40mg,Once daily,Dr. Catherine Lee,2026-03-18,2026-04-02,Completed
M00620,P0193,E00935,Omeprazole 20mg,PPI,20mg,Once daily,Dr. Ahmed Hassan,2024-05-07,2024-05-24,Completed
M00621,P0194,E00936,Tiotropium 18mcg,LAMA,18mcg,Once daily,Dr. John Williams,2025-08-22,2025-11-07,Discontinued
M00622,P0194,E00940,Prednisone 20mg,Corticosteroid,20mg,Once daily,Dr. Steven Park,2025-09-13,2026-08-02,Completed
M00623,P0194,E01023,Losartan 50mg,ARB,50mg,Once daily,Dr. Rachel Green,2025-03-07,2025-04-13,Discontinued
M00624,P0194,E00941,Amlodipine 5mg,CCB,5mg,Once daily,Dr. Richard Davis,2026-03-23,2026-11-26,Active
M00625,P0194,E01023,Omeprazole 20mg,PPI,20mg,Once daily,Dr. Rachel Green,2025-03-07,2025-04-06,Completed
M00626,P0194,E00936,Ondansetron 4mg,Antiemetic,4mg,Every 8 hours as needed,Dr. John Williams,2025-08-22,2025-09-06,Completed
M00627,P0195,E00943,Losartan 50mg,ARB,50mg,Once daily,Dr. Thomas Wright,2024-07-04,2024-12-17,Completed
M00628,P0195,E00952,Omeprazole 20mg,PPI,20mg,Once daily,Dr. Lisa Chang,2024-02-11,2024-03-05,Completed
M00629,P0195,E00943,Ondansetron 4mg,Antiemetic,4mg,Every 8 hours as needed,Dr. Thomas Wright,2024-07-04,2024-07-17,Completed
M00630,P0195,E01024,Acetaminophen 500mg,Analgesic,500mg,Every 6 hours as needed,Dr. Rachel Green,2025-06-07,2025-06-17,Completed
M00631,P0195,E00950,Omeprazole 20mg,PPI,20mg,Once daily,Dr. Catherine Lee,2025-12-13,2025-12-18,Completed
M00632,P0197,E00957,Hydrochlorothiazide 25mg,Thiazide Diuretic,25mg,Once daily,Dr. Catherine Lee,2026-03-14,2027-01-01,Completed
M00633,P0197,E00959,Acetaminophen 500mg,Analgesic,500mg,Every 6 hours as needed,Dr. Catherine Lee,2025-08-28,2025-09-05,Completed
M00634,P0198,E00965,Acetaminophen 500mg,Analgesic,500mg,Every 6 hours as needed,Dr. Steven Park,2025-10-26,2025-11-02,Completed
M00635,P0199,E00969,Glipizide 5mg,Sulfonylurea,5mg,Once daily,Dr. Catherine Lee,2024-06-25,2024-08-18,Active
M00636,P0199,E00967,Lisinopril 10mg,ACE Inhibitor,10mg,Once daily,Dr. Sandra Lopez,2024-12-13,2025-02-22,Active
M00637,P0199,E00969,Furosemide 40mg,Loop Diuretic,40mg,Once daily,Dr. Catherine Lee,2024-06-25,2025-01-05,Active
M00638,P0199,E00966,Losartan 50mg,ARB,50mg,Once daily,Dr. Lisa Chang,2024-11-14,2025-10-08,Completed
M00639,P0199,E00968,Amlodipine 5mg,CCB,5mg,Once daily,Dr. Richard Davis,2025-01-17,2026-01-03,Active
M00640,P0199,E00966,Ceftriaxone 1g IV,Antibiotic,As directed,Once daily,Dr. Lisa Chang,2024-11-14,2024-11-26,Completed
M00641,P0200,E00971,Amlodipine 5mg,CCB,5mg,Once daily,Dr. Richard Davis,2025-07-04,2026-03-17,Discontinued
M00642,P0200,E00972,Losartan 50mg,ARB,50mg,Once daily,Dr. Thomas Wright,2025-05-24,2026-01-09,Active
M00643,P0200,E00970,Enoxaparin 40mg,Anticoagulant,40mg,Once daily,Dr. Thomas Wright,2024-06-30,2024-07-09,Completed
